,mean,std,2.5q,25q,50q,75q,97.5q,mc err
a(0.Gradual),2.753486168127536,0.4012245856506447,1.959004846953654,2.4849789218544123,2.7656316570046537,3.0221772999432854,3.5065998239985663,0.005982685116866331
a(0.Sudden),1.9612721208509085,0.3263252758431941,1.3192223692593903,1.7461495614579048,1.9580709714444358,2.186257430818342,2.591778570990785,0.004506270710504932
a(1.Gradual),2.5337609330014836,0.35276581820586816,1.839298138796643,2.300624926012822,2.5389727893714547,2.772484023673594,3.218218406472855,0.007509885739840028
a(1.Sudden),2.799194980806344,0.3476099906708945,2.0827990873758315,2.5683617903954263,2.812541246423947,3.038435783636853,3.455692451352099,0.004123741751755788
a(2.Gradual),2.081955319706567,0.3340810633580882,1.4008365502241256,1.8638955179036538,2.08845996599944,2.3108365032897895,2.715660678477855,0.004160581978954116
a(2.Sudden),2.591098126978004,0.3282392551494816,1.9295369858656695,2.3761661423611726,2.592523439590686,2.812906264462158,3.227495795507724,0.00375317826822612
a(3.Gradual),2.4956895245709956,0.3277618349747249,1.8369282004623262,2.278667801745584,2.497994980356111,2.7227651380599327,3.117908759059557,0.0040166301976071045
a(3.Sudden),2.565437331523331,0.3326546259967785,1.8812467159014414,2.340641631240621,2.5822533823278246,2.7941398721201214,3.189837862233198,0.003412347556821236
a(4.Gradual),2.34718711671482,0.3362899885688211,1.680602545667743,2.1183232080352155,2.3511461508589004,2.5809206604775428,2.9937036069990155,0.004551374129412207
a(4.Sudden),2.8301904834146288,0.36453933983609127,2.093028798491111,2.589986829280088,2.8397563260200593,3.081667298709145,3.5177526573637508,0.004266067080200608
a(5.Gradual),2.471264706210499,0.3231564412704305,1.8458426635434648,2.255818633741866,2.4772254238744695,2.6876463020018893,3.0941570450595237,0.004051441679624909
a(5.Sudden),2.4660724727842154,0.3250700666183688,1.8132464473263001,2.254572382280759,2.4683801058287913,2.692093144058783,3.0884526960357803,0.003783546729116178
a(6.Gradual),2.6263171744421947,0.34141880585681544,1.9453099824628266,2.399839737686719,2.6364636630850566,2.8618197648412864,3.2723533362082584,0.004379132860258241
a(6.Sudden),2.6209302024944443,0.3490040370073148,1.9412545955605538,2.388091044855683,2.6233906980972765,2.8554558911782086,3.3080858373891027,0.008178690433728358
a(7.Gradual),2.534277764893495,0.3373983919709022,1.8599596729243788,2.3091586716840085,2.540523405034917,2.7661765250378356,3.1765939229098716,0.003684600546539198
a(7.Sudden),2.363713572249916,0.32176588289089,1.706852301928644,2.1517312624577944,2.371022994938411,2.58088064379129,2.9814263068013265,0.0034305402358505523
a(8.Gradual),2.533232267932446,0.32764767491225566,1.8686921896917377,2.319783704407963,2.537707963767596,2.755383568549992,3.150083711099718,0.003729601443618731
a(8.Sudden),2.471382823192905,0.33210395998233355,1.8012236955415957,2.2574924391683604,2.4755030186479194,2.698227814794058,3.1166291232263985,0.005037877298880432
a(9.Gradual),2.1514453554457713,0.30503472901299,1.5381074320060173,1.947906855384697,2.1547891272374304,2.364026563924675,2.7267266146401865,0.00400772859376394
a(9.Sudden),2.1512768637179573,0.3190016067544322,1.5070998009420846,1.9420523436570434,2.1539411230671877,2.3625724678355366,2.7664097676930943,0.0038796678124818325
a(10.Gradual),2.1170943006256904,0.3200022909932633,1.4691792404323527,1.9004571287999847,2.1258172720064463,2.335357853646995,2.7280447229434177,0.0034982354506499723
a(10.Sudden),1.9726358601987772,0.31489749898624364,1.343827836902825,1.7608746665483246,1.973801745476833,2.1910746439257798,2.5796215807863723,0.004091900888189342
a(11.Gradual),2.068042386979006,0.3041033598947501,1.4712127431426048,1.8671805539147173,2.0672831502288287,2.2760865254613707,2.6669643738017883,0.004262759664981713
a(11.Sudden),1.9149540260783842,0.28842833327441975,1.3377705413962162,1.7229278718860455,1.9153932905633766,2.111597711458179,2.4774529765345017,0.004043832676254385
a_std,0.9525674251215904,0.07006046012894324,0.8220722997882742,0.9045100084359532,0.9505375563671079,0.9974378940730546,1.0966210391090783,0.003370275794325639
a_subj(0.Gradual).1,2.5709186145366467,0.7448939125106564,1.3281685308807998,2.0280607566944533,2.509755704098937,3.0464308357020267,4.211434404182261,0.011200571504576467
a_subj(0.Gradual).3,2.544789184515541,0.30181062344219384,2.0326654538437197,2.331991300841514,2.5236441179547935,2.725212416647112,3.2382155029420776,0.012848355417859125
a_subj(0.Gradual).5,6.264551863316944,0.7070638497436367,4.9508453112147635,5.767753054699014,6.248197337228746,6.713995088210489,7.738212331958805,0.03149449327305528
a_subj(0.Gradual).7,3.7034088050030083,0.36804521661247686,3.030318370414099,3.4404170254059543,3.6867669520319057,3.9527108116366487,4.444622609728218,0.011150421150171373
a_subj(0.Gradual).9,1.7480848272644396,0.17572073970841673,1.439076940093278,1.62595473604556,1.7373512550866388,1.8557728174195502,2.1307885281605783,0.004488710853640488
a_subj(0.Gradual).11,4.668490743567337,0.5312217104912654,3.7230312687697986,4.300580938180821,4.630451694306057,4.998675536136571,5.831190449774123,0.01765195251488612
a_subj(0.Gradual).13,1.9810637225962215,0.10283826696628942,1.7845171101815829,1.9113126824520512,1.9783098494655653,2.0490598020553357,2.18833677299539,0.0012509953681919023
a_subj(0.Sudden).0,1.6755581348794484,0.542205140700889,0.8120494463782862,1.2722519535223453,1.6078582754260489,2.0126279100363442,2.8961873271050473,0.0074774165321981586
a_subj(0.Sudden).2,1.9490774814868164,1.001558129973677,0.4239892404954463,1.2271242360529016,1.8089541921651475,2.515812075647176,4.312682958677453,0.013231717936759466
a_subj(0.Sudden).4,1.4645968452162137,0.11762552780473683,1.2588845486508538,1.3833130960707796,1.4562317811784822,1.5362501792974235,1.7158777394875053,0.002492080774404381
a_subj(0.Sudden).6,1.2275403696713472,0.0781816893955948,1.08248759797072,1.1746009088627594,1.2245412655423733,1.2768551974663407,1.392038701582263,0.0014626064753969989
a_subj(0.Sudden).8,3.184530881943603,0.33559040580727484,2.602281773311593,2.9415905763638976,3.1633137947084853,3.4068152453943785,3.885701252894972,0.007636804754913587
a_subj(0.Sudden).10,2.0271350731367153,0.12159748456936029,1.8007797143034707,1.9439981861187723,2.0232074832662015,2.1066216418909667,2.281396867924714,0.0013843217057298255
a_subj(0.Sudden).12,1.8927507140944766,0.13379138704908516,1.6489881230668197,1.799662202046198,1.8854979456417533,1.9788800148992158,2.1766586268123786,0.0017816696901432796
a_subj(1.Gradual).1,2.1783990666187423,0.16474442228956435,1.87796298027287,2.0665653888667967,2.169363350174213,2.2805206117348873,2.537047961189237,0.003935418821200397
a_subj(1.Gradual).3,2.753041923850983,0.32577488001664856,2.202375078288673,2.5219009894995112,2.7236735994140666,2.955109366109945,3.4750742460707484,0.012113608802726205
a_subj(1.Gradual).5,5.113763302178112,1.5942426055209378,2.1433529515531884,4.8003552055643,5.666406591087915,6.197411229800032,7.152039378322131,0.15047168425048812
a_subj(1.Gradual).7,1.5767419280225061,0.13036455948299844,1.3519839955808473,1.4853219308057668,1.5678891915376272,1.6567099294422445,1.8603754040841929,0.0019642344541552486
a_subj(1.Gradual).9,1.7545832748274817,0.16797292099322636,1.45769140498321,1.635354377255262,1.7445559800048729,1.856754726393459,2.118123405998242,0.0036405623790685348
a_subj(1.Gradual).11,3.0518567187391428,0.3299823259271254,2.433781096319029,2.823949546733424,3.0414509817769346,3.2652270999804913,3.726456785738754,0.007298348692057104
a_subj(1.Gradual).13,3.791396244777947,0.4502609525082187,3.0432887751476994,3.451098345250919,3.744478919742165,4.091669765987878,4.753543487489205,0.012155937073119339
a_subj(1.Sudden).0,2.126060313942852,0.11933101444826431,1.896097992385287,2.046615220244074,2.123925593161654,2.203776221855274,2.366279843631103,0.0013734745974365388
a_subj(1.Sudden).2,3.9572804363131437,0.39313797871415695,3.226556471068021,3.6882960173560773,3.942353995184756,4.205748779750014,4.778393751472503,0.010463693813949636
a_subj(1.Sudden).4,2.3289467436026543,0.1463356472843063,2.059932119137796,2.228034576382025,2.324811459683491,2.424282554796849,2.631551798156873,0.0020117424512682055
a_subj(1.Sudden).6,4.509335439341153,0.5172532824667356,3.588676805002228,4.144260462601705,4.47310526993588,4.848917352800327,5.592365757937014,0.015362657525025886
a_subj(1.Sudden).8,2.359196519862289,0.137352719827627,2.100144270038152,2.265991650706636,2.357686942611994,2.4502326592707577,2.6375369556260604,0.0015082602300419308
a_subj(1.Sudden).10,3.104727860133079,0.1812932513242802,2.7675777590770583,2.9813779918547976,3.098025201260149,3.2246420223502312,3.473655983155025,0.001776726455569234
a_subj(1.Sudden).12,2.290436331647206,0.1396262694570991,2.0259123650076476,2.1945303163235663,2.285778684431582,2.380626034240617,2.5762988667078965,0.0015023430420375056
a_subj(2.Gradual).1,2.1426110350597334,0.12407296510383846,1.9071555980254615,2.056376325957142,2.1374110648580604,2.2234248901069575,2.3963209060783024,0.001847619903519512
a_subj(2.Gradual).3,1.549223321391435,0.09594885090540091,1.3682084429018935,1.4831295364689552,1.5457772326412504,1.611175334470877,1.7468771239639809,0.002403273813896178
a_subj(2.Gradual).5,1.9091906513184569,0.113224181376724,1.6961050997975593,1.8323601717058584,1.906088414084956,1.9837334627647119,2.1408006581904724,0.00138677137196405
a_subj(2.Gradual).7,1.455703850394225,0.08848063840002883,1.2906955096598227,1.3941082453884905,1.4529019738534177,1.5133695493569452,1.638071032986205,0.0011136437103196428
a_subj(2.Gradual).9,1.2816413802473448,0.07606549426318145,1.1382925590492197,1.2287259137101758,1.2803507650736363,1.3334559134733686,1.433566997903283,0.0010890422475428635
a_subj(2.Gradual).11,6.204353559132009,0.6987744232364707,4.911053556595415,5.722629083551906,6.17201009063991,6.660831615474983,7.655022920792364,0.03027085063543018
a_subj(2.Gradual).13,3.4928877889508634,0.3474700885010531,2.880999887526958,3.2447300634139156,3.4717234913581922,3.7173319176660637,4.2416482275142755,0.006605051723129261
a_subj(2.Sudden).0,2.3899255291492425,0.1490291109279389,2.1105152755640377,2.288628831068375,2.383204786050173,2.4853201606485498,2.6980177686117246,0.0019643636656364845
a_subj(2.Sudden).2,3.2554670492932285,0.49243023400112296,2.4788163356393804,2.8831201138055325,3.1861376923648552,3.576078451114307,4.357030215364022,0.016471452778722088
a_subj(2.Sudden).4,2.3447147116672302,0.1802634671537846,2.0200956902332536,2.2179738245044422,2.3349396546082075,2.460294612639138,2.7193687733493226,0.002865292843414374
a_subj(2.Sudden).6,2.3697226265169316,0.13958575074758095,2.1050189608971164,2.2723449550649364,2.368203802909937,2.4627972054171687,2.6507175033026447,0.0016233666707934948
a_subj(2.Sudden).8,2.1261011165247288,0.1201454486528626,1.9028521230861628,2.0401923318022286,2.1250120362730223,2.2056468754792737,2.372678379089784,0.0012773089732157738
a_subj(2.Sudden).10,2.4184770550901633,0.13530814841166766,2.1628797516885028,2.324119508164916,2.4141310232559445,2.5088149000274518,2.695259634819023,0.0014064847336979396
a_subj(2.Sudden).12,2.7247389721378474,0.1994350902768173,2.3706855445413977,2.5865784429205094,2.712625007531807,2.848190553099063,3.1529254741338177,0.0027735586160659107
a_subj(3.Gradual).1,3.6290483380677245,0.32751608591199954,3.0622625843821174,3.4006003338388537,3.6006724073868286,3.8251866301201667,4.354032258535682,0.005456587880727024
a_subj(3.Gradual).3,2.8076489675607488,0.28342394260309567,2.313125228352746,2.608664552469311,2.7870415360484224,2.987368332642885,3.418090839828208,0.010498681698478955
a_subj(3.Gradual).5,2.6516768279608627,0.18886915245628677,2.3007171965356683,2.519134496485429,2.6455176280328563,2.7781142745175047,3.0390018710461932,0.002461006763352003
a_subj(3.Gradual).7,1.2401992014269303,0.08239272252480456,1.0908134114467483,1.1823364121720257,1.2358732018777878,1.2940197705707142,1.409907056708974,0.00114572496137622
a_subj(3.Gradual).9,1.7175440913190183,0.11936881280142109,1.4967290823490345,1.6343303604642687,1.7132528530092577,1.7961883429689138,1.9666691805417864,0.0017657767153131695
a_subj(3.Gradual).11,3.7463116052028953,0.29434581641946234,3.215333009570882,3.540332540920458,3.7304817584260044,3.9308088171309934,4.368873696761872,0.005351660829422386
a_subj(3.Gradual).13,3.010226719262116,0.17703988951364397,2.667869346950165,2.8892044876688034,3.007699571535052,3.126344858976306,3.3692333247693034,0.0020751397290158205
a_subj(3.Sudden).0,2.459010725939431,0.191483729105189,2.115294996180129,2.3260430474442773,2.447658872045809,2.5801179852946916,2.8671111210880147,0.0030159690777068577
a_subj(3.Sudden).2,4.421497380103592,0.47573012481959814,3.557277750975498,4.093648215149423,4.394281828379528,4.734140858095312,5.436447452041368,0.016816561750153163
a_subj(3.Sudden).4,3.829842528015603,0.4150089341920982,3.0015830713686014,3.557687732958904,3.8375217941034436,4.111772429218444,4.620838647832118,0.013199984714999929
a_subj(3.Sudden).6,2.5123941967874095,0.14659680437029296,2.2378603286924235,2.4107864112924973,2.5096948784413065,2.606895332160615,2.813416111658049,0.001752467663749849
a_subj(3.Sudden).8,1.460848908132362,0.08557848724690578,1.3007141638251714,1.4011842173099778,1.458771896471393,1.5169832704372244,1.6347969476178519,0.0009812630387972352
a_subj(3.Sudden).10,2.101079981712928,0.12710692889465286,1.868913941931289,2.012643370178539,2.096121189454513,2.182984817179734,2.371743467347462,0.0012990599302029756
a_subj(3.Sudden).12,2.4894248877937395,0.165087861190624,2.1879531280473152,2.3759554957331277,2.4832346955562183,2.5947995220659106,2.830662579188284,0.0019788090396968246
a_subj(4.Gradual).1,2.365765500420025,0.22744002742372432,1.9809679733232712,2.207262106548729,2.342551655151639,2.503010669448451,2.869631641081764,0.00548812413767386
a_subj(4.Gradual).3,2.2277588279365803,0.21988010059377674,1.8496196944230006,2.0712627128838386,2.20940228007406,2.3613131042569377,2.7162599045216567,0.008177059423739776
a_subj(4.Gradual).5,5.307445862053727,0.6765812034978638,4.146333996509315,4.821190347304874,5.256255399738206,5.738600365739078,6.771657453920941,0.026934857587664146
a_subj(4.Gradual).7,1.2407487311610927,0.0711019565296935,1.1118212978195974,1.1896639899201602,1.2372748756582364,1.2888417919018311,1.3845570000621044,0.0008431769186407895
a_subj(4.Gradual).9,1.6717357565545818,0.09256670711611478,1.4983613445083044,1.607952073067832,1.6697531745779346,1.7339749360681629,1.858809021482459,0.0010066122097633187
a_subj(4.Gradual).11,3.003352322450013,0.29537219777469326,2.520510665836129,2.803297615641091,2.968064745082084,3.165186415816231,3.6933551180653,0.006329115608654841
a_subj(4.Gradual).13,2.8040277828156057,0.17397087357642269,2.47509561017084,2.683004976852193,2.798219131448278,2.917574546922852,3.153901295423715,0.0017444748906268264
a_subj(4.Sudden).0,2.176757003830892,0.13277352349612428,1.9294165272586088,2.085076432370097,2.1734052464464,2.2617625304423075,2.4505846863554357,0.0017267119950135554
a_subj(4.Sudden).2,3.8105336859445598,0.40715514261039026,3.100595657214629,3.517554959438048,3.7846002783717085,4.073257293524753,4.6680178908193515,0.013374080313560868
a_subj(4.Sudden).4,3.291616898128211,0.2967109784174752,2.7166897482251877,3.0884895853403616,3.2929718844321467,3.4897103077851543,3.8813512861596458,0.00811217937766425
a_subj(4.Sudden).6,5.490715031962591,0.5716030020150048,4.420484473545073,5.101995642209245,5.484681010417252,5.85126223621544,6.651982902484292,0.01817816075319323
a_subj(4.Sudden).8,2.5382678545357247,0.2241649333509121,2.1273325741266498,2.383700502577602,2.524838454795511,2.681301216777318,3.000304297557969,0.004420550419556039
a_subj(4.Sudden).10,2.0010524339133946,0.12340194856354586,1.7749308135714723,1.916620728908372,1.995949043143849,2.0796195631291865,2.2593584627319094,0.001815892878378535
a_subj(4.Sudden).12,2.4819997642191978,0.15697230726544528,2.182755472719963,2.373568168398307,2.4792302558929142,2.5834225374171518,2.803353563148159,0.0017208908748900635
a_subj(5.Gradual).1,2.8915774244382395,0.25902273099546774,2.4218284491599347,2.709315276504512,2.8803956303528837,3.05681424201323,3.4369871653577317,0.0045534328365789325
a_subj(5.Gradual).3,2.36041387227176,0.20547429654166244,1.9918013882275991,2.215937687741554,2.3476713222119683,2.4907305947159806,2.795293537083368,0.005430218741058344
a_subj(5.Gradual).5,3.480258173496916,0.31604055961800837,2.9212865604447513,3.2640818834330116,3.455550404921188,3.675206161334356,4.176082739043648,0.006468799167054219
a_subj(5.Gradual).7,1.2368325658398078,0.07297736395742949,1.1038611401808671,1.1854341072086436,1.2335858707668885,1.2847735132069442,1.387756800735278,0.0010327977768784902
a_subj(5.Gradual).9,2.0769729467752014,0.18862868817134804,1.7477996467373693,1.948404273045374,2.059997199023069,2.1909944316375567,2.488924299800225,0.0038674935484604525
a_subj(5.Gradual).11,3.6631954620569265,0.3920787864651589,2.963151006191743,3.3870593093190693,3.641172275996258,3.911056914819288,4.489677196112789,0.010051098363792144
a_subj(5.Gradual).13,2.4550553286359427,0.14655982842669496,2.1756597690505908,2.354232069060661,2.45141415870964,2.5510072122083147,2.754958355476761,0.001563692030412894
a_subj(5.Sudden).0,2.516285582942161,0.15716508334380877,2.224083330877041,2.4098718989267214,2.511102881848238,2.620027078963055,2.8379709863788225,0.0017664639393532636
a_subj(5.Sudden).2,4.155011750503115,0.4263835398056347,3.393346467115207,3.865441107514384,4.131719845427963,4.419501364470939,5.063449939134442,0.013156768275868244
a_subj(5.Sudden).4,2.5844138205686793,0.23655901385530778,2.15332171446664,2.4184491738320433,2.574035118044716,2.7362049444836614,3.081680069847893,0.005952355286349604
a_subj(5.Sudden).6,2.0576056087591272,0.12565586200819917,1.8253416330944001,1.9701153318425566,2.053557486790875,2.1410247195876058,2.31273059123858,0.0013937896006754838
a_subj(5.Sudden).8,2.001204174744654,0.12839361282107048,1.7677470765394623,1.9121261637081002,1.9956383517738632,2.0852409863544645,2.2704648263968705,0.0015492945161239267
a_subj(5.Sudden).10,1.683860637654691,0.09197294982055763,1.5116707335527362,1.6216330822489273,1.6814607441243137,1.7432253018805102,1.870070070215958,0.001060066004852738
a_subj(5.Sudden).12,2.5534219083461074,0.14574838632801662,2.2765538018175935,2.4519044794637463,2.5533269068680884,2.6497437048859833,2.8479319470269537,0.0015948608237159735
a_subj(6.Gradual).1,3.179678756617716,0.3157243270102191,2.649908159902637,2.961615024791714,3.1442667401432836,3.3606137538290404,3.9085998736766507,0.007004836147627409
a_subj(6.Gradual).3,2.4791266127970015,0.2759532200162154,1.9865903989127172,2.2843911438667766,2.461863184721623,2.6554467559064654,3.059126837801861,0.009744295039943413
a_subj(6.Gradual).5,3.840033926074836,0.4033231967174756,3.1489997870979622,3.5480596628470567,3.805583682705206,4.099196449226332,4.7059799630358174,0.009167309620815531
a_subj(6.Gradual).7,1.4244658124694465,0.09381485289836751,1.2532736640301787,1.3583013119870717,1.4210734509865715,1.485212710062941,1.618802407866065,0.0010851523372897407
a_subj(6.Gradual).9,2.2621170623467632,0.173128623046272,1.9619349821078167,2.1403516364666872,2.249120593252465,2.3680482340912627,2.63199414246951,0.0030667284822654696
a_subj(6.Gradual).11,3.8051739602514036,0.3520846481216224,3.1816279755516637,3.5585504128305523,3.782257690019536,4.03089620638614,4.550069071128203,0.008100941200665207
a_subj(6.Gradual).13,2.4641919252892626,0.1393820036371765,2.200412983834835,2.367748302234446,2.461091562979412,2.5561626881472934,2.748194140244,0.0015886595684359377
a_subj(6.Sudden).0,2.718023695392935,0.22362082805312342,2.322034933682625,2.560318259862779,2.703013889020494,2.8590125413939864,3.1935508351454334,0.0029662223966908565
a_subj(6.Sudden).2,4.696467824790589,0.4840175433324279,3.8104590777975753,4.356860720466623,4.678996664238658,5.014813584242755,5.691490332186415,0.018629081174695594
a_subj(6.Sudden).4,2.189275271191528,0.156222120315953,1.9118712106320888,2.079928151997804,2.181338059349796,2.2904995427958825,2.51614164939244,0.00238867892033018
a_subj(6.Sudden).6,4.213781573681114,1.3411274195444505,2.1408524064848615,2.5615099066115383,4.654142860301454,5.208810034892247,6.370627129367927,0.12296818506403004
a_subj(6.Sudden).8,2.0879738117083066,0.14297156762213176,1.8297165377007107,1.9889698478058744,2.0810682562874807,2.1796669538732036,2.3918041119483515,0.0022629852007599377
a_subj(6.Sudden).10,1.78210101904481,0.09733809518499617,1.600585797443574,1.7150671721221222,1.779008387999847,1.845929360412084,1.9789828298394387,0.0009580909469480014
a_subj(6.Sudden).12,2.5014911535928035,0.1655861018641902,2.195598033553857,2.38676280354882,2.4952627145216733,2.6086777465397524,2.844464526962978,0.002063049856947602
a_subj(7.Gradual).1,2.576918021072736,0.15440213388893806,2.287260153037458,2.470202745517037,2.572409308025113,2.675718729141192,2.8959283138082483,0.0022665243353233635
a_subj(7.Gradual).3,2.717239451380224,0.23463213803776317,2.3002907317581625,2.5499665413855297,2.704432843417332,2.8648902118371993,3.222726253746203,0.0067676919664103495
a_subj(7.Gradual).5,3.6205946194970333,0.3644966019930513,2.9490915019001602,3.3683427646277364,3.608165787493414,3.857708316438668,4.372987377737503,0.008898747614009023
a_subj(7.Gradual).7,1.547486539204514,0.10908931503187545,1.3526496312428984,1.4708525916038768,1.541490381493843,1.6198073405530982,1.7778970062201986,0.001477404949114155
a_subj(7.Gradual).9,1.5823749233822622,0.09293515233409744,1.4062192680935086,1.5195851060272112,1.5798702169615002,1.644577681812209,1.7675838476297585,0.0010882569279264244
a_subj(7.Gradual).11,3.4383253780523173,0.30451169743806505,2.879027222164936,3.227789059895075,3.4252046970474446,3.6366132831192184,4.077983606058251,0.005798345130894096
a_subj(7.Gradual).13,3.0926973613137565,0.20428123293235434,2.718788118930738,2.953277493526993,3.086358569163397,3.2244390128699685,3.5181782014608425,0.002302891955046211
a_subj(7.Sudden).0,1.9541712869081371,0.17023317192315865,1.6527631175129378,1.8340124364647354,1.942788610409007,2.0641425596303407,2.3128620783892644,0.0034478314987701035
a_subj(7.Sudden).2,3.42771503907929,0.36951311610228843,2.7629771354382826,3.1681305019016404,3.4090782040809784,3.6639851225851183,4.2088213459023365,0.01371238108089351
a_subj(7.Sudden).4,3.0540243536338507,0.2964542386897844,2.5072714298329,2.8489197110962667,3.0388795678048366,3.2452272238582003,3.669990023477404,0.00887400461936986
a_subj(7.Sudden).6,2.0791868906745283,0.12816745604592336,1.842643491401386,1.9908277524725113,2.0744256021773904,2.162244043520708,2.3456565743221254,0.0013494174040851038
a_subj(7.Sudden).8,1.626455132170251,0.09326713215251994,1.4488869180858233,1.56262888488735,1.6257834020231843,1.6873774035132363,1.8159212972025824,0.0011005925855611773
a_subj(7.Sudden).10,1.7499899971581123,0.09118031915519824,1.5758453034015352,1.686711799794184,1.7463184912760408,1.8103400248574906,1.9325442731978077,0.0010899343863005782
a_subj(7.Sudden).12,2.6232891830311025,0.246880581341073,2.2357415329315504,2.459794971557957,2.59347825658529,2.7497509692940874,3.210920586378776,0.0057997730106406666
a_subj(8.Gradual).1,2.9982743858259084,0.21606293868516527,2.601999323119455,2.849440692944941,2.9872664005591227,3.1377966563011785,3.4466616046838645,0.00385500155501994
a_subj(8.Gradual).3,2.999748705847732,0.5348769705500598,2.2787439662826316,2.630138820094899,2.8756361807819446,3.2304248722045656,4.40175825665056,0.021084604409353825
a_subj(8.Gradual).5,1.8015626246175271,0.10420927479841403,1.6077815156708308,1.7301570144635798,1.7976886937364287,1.8704959062197983,2.016121594882706,0.0012538662154835088
a_subj(8.Gradual).7,1.7051229370444048,0.1197399901710938,1.4842779057740854,1.6228305588082654,1.6999766696192256,1.783057300695261,1.9523452614899275,0.001353980324853274
a_subj(8.Gradual).9,2.180466550301736,0.12163503713291292,1.95301463951271,2.0968187069510758,2.1767879247492004,2.2598924033829366,2.42600838073826,0.0013361494845506485
a_subj(8.Gradual).11,3.1183449251005135,0.238180732867787,2.6826023489325155,2.9538481937235326,3.1053160517309615,3.2688817100347625,3.6262318577840307,0.0038858148513127065
a_subj(8.Gradual).13,3.12301815233964,0.18847000441180317,2.7759321393854304,2.9951987770066206,3.114640268907551,3.2452000373748593,3.507558370636483,0.0023227076562961115
a_subj(8.Sudden).0,2.6929949725528357,0.541035897751102,1.8893145118035073,2.2388124051384044,2.628837153307878,3.0874392069585173,3.845690539688523,0.029767895042998642
a_subj(8.Sudden).2,3.209010198360422,0.3861354851539304,2.5136823913371398,2.9437194009766072,3.1750916476003255,3.451194188170748,4.050835605238188,0.015154660279096602
a_subj(8.Sudden).4,3.9018346206497556,0.40034304173461616,3.1537506455276616,3.63070257008888,3.882488018869165,4.1701585861604435,4.721470677015122,0.01287952829022719
a_subj(8.Sudden).6,2.2326248486161155,0.15446791799366152,1.9498827277583501,2.1255443791370485,2.228031530046057,2.3343501667978863,2.550290498225621,0.0018994683072093743
a_subj(8.Sudden).8,1.9073099122223987,0.1835170537013105,1.6017841130307826,1.7789318678595298,1.8885712880171874,2.0139019670233775,2.3254779129968917,0.004205002224053332
a_subj(8.Sudden).10,1.610630760764341,0.08859254242575096,1.4469123275379192,1.5487894013863581,1.6079886176267286,1.6687600504196665,1.7928365771454913,0.0009746012232746823
a_subj(8.Sudden).12,2.1887102207538303,0.15939716765947953,1.8901129217278876,2.0816189471371445,2.1831790867817387,2.2909946791632394,2.5151047477439663,0.0021021207959547135
a_subj(9.Gradual).1,2.937451335021036,0.19953144669622275,2.5650568348584017,2.8044937525973896,2.9299595448724713,3.066555131626192,3.3473000444849204,0.0034884414559336573
a_subj(9.Gradual).3,2.292856912704127,0.14109211961047546,2.0371100635249553,2.1949721252309446,2.286729023281441,2.383742263791067,2.5845183280227286,0.002509184031483737
a_subj(9.Gradual).5,1.1613121243634856,0.07511153291082615,1.0249806371659111,1.1088036747489252,1.1574949443731386,1.2093464625760295,1.321057270954733,0.0012307018976541017
a_subj(9.Gradual).7,1.5760305309386726,0.09632806117828667,1.3978348658632735,1.5098605678833104,1.5717028588065278,1.6384517449969231,1.775318840495232,0.0011762431734184669
a_subj(9.Gradual).9,2.4864358905410566,0.1539596681036397,2.2010401585630377,2.3820559758399122,2.481383471213411,2.5873043268879856,2.8069529208544415,0.0017097891550921021
a_subj(9.Gradual).11,1.9381714290820435,0.18852193911502382,1.5969896202939018,1.8064399220555127,1.9270352469204037,2.0569533215487072,2.33550906880151,0.004063463273077205
a_subj(9.Gradual).13,2.175467089795173,0.1339459052037225,1.9252370402090069,2.0821590067711293,2.1715966711549637,2.264839268338485,2.451599530948296,0.0015665862807224113
a_subj(9.Sudden).0,1.54964042222358,0.11185891368695962,1.3418278038915443,1.472515268980012,1.5446471658187622,1.6220101063242707,1.7819422088882813,0.0017377126911785872
a_subj(9.Sudden).2,2.4468792672687805,0.25767038902287576,1.9898958462928666,2.2693335093388924,2.428247379611827,2.6085616861827328,3.0047264484184213,0.008750135163781082
a_subj(9.Sudden).4,1.907279834032351,0.14725383290614555,1.6412798820069598,1.805014756543971,1.8993801834888662,1.99923181534056,2.2170436423782647,0.0023489372407052176
a_subj(9.Sudden).6,5.146312460946153,0.5033913864768941,4.184222372012554,4.808216725953617,5.128426028102401,5.466683244194989,6.1987397406859746,0.017129237645777312
a_subj(9.Sudden).8,1.4920158689935974,0.09915470397941245,1.3108499573507404,1.4243009253253067,1.4869558129677847,1.5545157772230678,1.7004003201950635,0.0012772176399087109
a_subj(9.Sudden).10,1.4401644780699758,0.07889421075427312,1.2958285490911123,1.3846563259584705,1.4368918989902213,1.4911322522279111,1.6025794072282427,0.0009510494082912377
a_subj(9.Sudden).12,2.696986317608326,0.30840240328615426,2.220861500634706,2.4816419207995777,2.6476470231689837,2.8569253545230673,3.465677422400388,0.007965177664565717
a_subj(10.Gradual).1,3.0650919708862676,0.2726031102582063,2.5858304639224237,2.8742276250523413,3.045000985837812,3.232668892389217,3.6637311776423864,0.006133645970004252
a_subj(10.Gradual).3,4.558008233444782,1.7295970053413177,2.3359767802191813,2.697370893824154,4.949471411616944,5.970104922344747,7.580242132478834,0.15672023962745626
a_subj(10.Gradual).5,1.2949605782175642,0.08371688696650292,1.1393589437187752,1.2366233682734573,1.2924513038746168,1.3497279179113255,1.4675184863732893,0.0009996263105957431
a_subj(10.Gradual).7,1.383357816175558,0.09337695605744632,1.2114098363606767,1.3182938220847755,1.3800429195366968,1.4428451276145455,1.581860637452778,0.0011220744002644392
a_subj(10.Gradual).9,2.0151631104914633,0.1320605004852509,1.7712058297636493,1.9233341664091028,2.0102665491691765,2.1004811606326497,2.287305173933714,0.0015433972179181913
a_subj(10.Gradual).11,2.0001693911482508,0.17229103337631782,1.6897438619201774,1.882312181797416,1.9911319226130852,2.1070592419578253,2.373147519955289,0.0032428269142399484
a_subj(10.Gradual).13,1.8535513752691255,0.10591755384548501,1.6516864914721388,1.7805221132619118,1.85129920882999,1.9229328454765207,2.066969071696723,0.0011219210517958923
a_subj(10.Sudden).0,1.632786306632283,0.09599842734266793,1.4508878361866673,1.5660045503693085,1.6301917064543479,1.6956727810982082,1.8273367208617173,0.0011270551851950178
a_subj(10.Sudden).2,2.7105445926261336,0.2899230054419384,2.1937112137915795,2.5081407886630744,2.693625268512743,2.893698410997993,3.320103566651923,0.00980933682875183
a_subj(10.Sudden).4,1.6072894363555295,0.09302876634379957,1.4315023307096368,1.543389154427496,1.6055312920433102,1.6690623031213747,1.7962822622414176,0.0010231155510743394
a_subj(10.Sudden).6,5.653547059609014,0.5732091104717305,4.573507950248643,5.25831097233489,5.632245246449141,6.036608346231222,6.842016850142906,0.024790832089133293
a_subj(10.Sudden).8,1.3417228878189755,0.07607368905477277,1.1981764905380685,1.2898177803953415,1.3394869860775893,1.3916181897208906,1.4968415902669503,0.0010462086854062503
a_subj(10.Sudden).10,1.2629530470879824,0.07140086066747875,1.130360352778302,1.2138944970824912,1.2601000342368884,1.3097305268717074,1.4133197998771518,0.000863460208943787
a_subj(10.Sudden).12,1.8394431923672883,0.20864736546692206,1.5202342578715364,1.6982291647481698,1.8090483618808761,1.9459227336841844,2.35388441157948,0.0056267995208907715
a_subj(11.Gradual).1,2.303809444913998,0.3842076346134595,1.7687013701774488,2.0301298527214238,2.2201908547093545,2.4977948864223847,3.2644881362308293,0.016306505154924014
a_subj(11.Gradual).3,2.188998535878348,0.2651386664040463,1.7733902108840405,2.0039294702309385,2.153343744431069,2.3335538507024265,2.807378854313847,0.011182776657164035
a_subj(11.Gradual).5,1.5546990254267399,0.08961862639244575,1.3864033708289492,1.4930368236843745,1.5517844777457912,1.6137673891923818,1.738189751123746,0.0008900607329204219
a_subj(11.Gradual).7,3.780165083757457,0.6507479694855995,2.28776672159862,3.4034625192640826,3.8210086516324933,4.2069011548089295,4.992559727374976,0.03133533297120989
a_subj(11.Gradual).9,1.4263521022370371,0.08017202220855339,1.275979786943902,1.3711003217491102,1.42416293411075,1.4800401086805839,1.5927534716822418,0.0009910659704342277
a_subj(11.Gradual).11,1.621614597803756,0.1039012843418174,1.429281729304373,1.547917615352219,1.6177526398328315,1.6909062582476846,1.833833397996621,0.0015459036374039785
a_subj(11.Gradual).13,1.5355802022888763,0.0896397148918677,1.3664103785530612,1.473625480504596,1.5330732053632923,1.5951560857366807,1.7144436756755592,0.0012174767378185544
a_subj(11.Sudden).0,1.6048093457828878,0.1346631956478318,1.3664195282433662,1.5114780777019372,1.5959829270589987,1.6890430599223083,1.8934329338428375,0.0030094837563490614
a_subj(11.Sudden).2,2.124263837415286,0.2636603087016868,1.6822651361685512,1.934047510535529,2.1024359434331377,2.2887152547195275,2.6931198778962195,0.01047995185552137
a_subj(11.Sudden).4,1.4124228831089582,0.11385342312233977,1.2102369536605617,1.3330493086098008,1.40554470001101,1.4833999617231939,1.655649760535085,0.0022498316471546123
a_subj(11.Sudden).6,4.008526924222014,0.4405524912942555,3.206486825292431,3.7033718691619772,3.9861206353528797,4.287073368080744,4.943896098348621,0.017394614082379592
a_subj(11.Sudden).8,1.680231207147471,0.17470601910970734,1.3749093642433343,1.5567946140005704,1.6679386549899786,1.790890988184817,2.0630850858630643,0.003810796835013857
a_subj(11.Sudden).10,1.3050071979088733,0.06974415351785766,1.176689953974809,1.255964202458725,1.3034783661882468,1.351947878896347,1.4478810415821883,0.0007620536886338115
a_subj(11.Sudden).12,1.2495631292613472,0.09953919152392458,1.0759956023341528,1.1798957738224707,1.2429961700552978,1.3128987628031177,1.4606405442578232,0.002080887530447879
v(0.Gradual),1.3393344411016002,0.6848352501807203,-0.0032187643911207875,0.8786970985270964,1.3414960778753984,1.8039721848192642,2.6902293325204316,0.010080099140364117
v(0.Sudden),0.24193727915488292,0.7500261082499278,-1.2323289467789649,-0.259756439938634,0.2444842464881723,0.7510474434081256,1.7111600083896594,0.01173726582434909
v(1.Gradual),1.5621430570158272,0.6888686623746736,0.22922034682184034,1.096019527544006,1.5547230375499559,2.0324958382782055,2.9320121871949887,0.01861239390676845
v(1.Sudden),-0.49936114617471666,0.6652243677628802,-1.8309385784036667,-0.9406118332729827,-0.4943119191555727,-0.05142563227355618,0.8059664763279156,0.007692776313841525
v(2.Gradual),-0.03886771493393971,0.6569903137213294,-1.341508741110623,-0.474589897519839,-0.038181361674731046,0.40059095334705536,1.2576048915146611,0.007374504485133324
v(2.Sudden),-0.25999420921291816,0.6672198353138752,-1.5761121583336275,-0.7024044183237763,-0.26076106923752074,0.1798068755455458,1.0529243141312876,0.007140809607460883
v(3.Gradual),-0.8135430437303084,0.6642713010390571,-2.1193404500641986,-1.2592435412308312,-0.8151293300724854,-0.3635417593398955,0.4805739489862034,0.007621922541625549
v(3.Sudden),-0.4249700657950579,0.6591396420081584,-1.7326582931076508,-0.8642846561448504,-0.4242700285499461,0.010199595081659074,0.8684041744734015,0.007527000178282099
v(4.Gradual),-0.43637985070161134,0.6647034898349239,-1.7145489503458506,-0.8881033745568829,-0.44148785820155184,0.011603175365340113,0.8780962215529922,0.007639075256543883
v(4.Sudden),0.29884782175915847,0.6692881169104878,-0.9962459120678394,-0.16258232719970928,0.29783648219149084,0.7463671385256843,1.6196365730035356,0.00691233996258511
v(5.Gradual),-0.1803960682927307,0.6678715630735973,-1.4933261165327971,-0.6379364991851397,-0.17753343842428504,0.26542896567796853,1.1371335379472765,0.006957932310023883
v(5.Sudden),-0.20048019499098826,0.6617014266440805,-1.5132732941145846,-0.6434893443735665,-0.2017973582156808,0.2464795632619261,1.081555523055958,0.007786357322888853
v(6.Gradual),-0.37654736869569916,0.6718410343653891,-1.710495205610932,-0.8260873383661618,-0.3758982290974938,0.08041006178614063,0.949390970479459,0.00806491466327982
v(6.Sudden),0.13182755241160382,0.6789589032920755,-1.1832206775636784,-0.3306812694420632,0.12859632679069302,0.5931387023776102,1.4635189170132779,0.015282617912753288
v(7.Gradual),-0.637824168729767,0.6556632694373349,-1.921089796709917,-1.0759452414502182,-0.6327022311997815,-0.19611374046091384,0.6599159230986097,0.0064846640233268485
v(7.Sudden),-0.25223101129232856,0.659809163283722,-1.5351529383179294,-0.7043458035906212,-0.25285148456733325,0.19652456382917688,1.073438906854538,0.007009609668885244
v(8.Gradual),-0.2400576778888395,0.6618841278310112,-1.5478997497719404,-0.6915743708014221,-0.24098315867475012,0.19623973959801888,1.0617776361731557,0.006588479770915749
v(8.Sudden),0.06862388054419445,0.6721493012693874,-1.2371882534345402,-0.38913504500256635,0.0672053095916696,0.5240292697429422,1.3895088654666834,0.010098984271071242
v(9.Gradual),0.27666665213748676,0.661735295559832,-1.0359034952051174,-0.17425931932612476,0.27096810691149426,0.7277395918851315,1.58689158761463,0.006417557439106876
v(9.Sudden),0.5820461680141628,0.6713670799589082,-0.7453645986842182,0.13383261138289188,0.576511337058954,1.03709639575417,1.915483089533467,0.00796593879883533
v(10.Gradual),0.6610870339580933,0.6943316327181892,-0.6902931601446427,0.19387171730935954,0.6474282620813976,1.1285788901628617,2.0318790904239066,0.016331653707172527
v(10.Sudden),0.589499281119193,0.6654598137735022,-0.7103592238107348,0.136290836130247,0.5889908537190788,1.0428766013382071,1.8637430593408282,0.006748162393066781
v(11.Gradual),1.381428149061879,0.6778028854304177,0.05232651039435998,0.9226390540940351,1.3789929626884974,1.8422273595065843,2.7272261531641955,0.010266455872844455
v(11.Sudden),0.8933417633228413,0.6707717727564777,-0.44524646880993235,0.44959910991873425,0.8996325132851581,1.3417104213622544,2.211503475107998,0.007537561811116661
v_std,1.7809544738719827,0.11500566943105217,1.5748395705887805,1.7006112367082225,1.7767718298163848,1.8532170645213308,2.026356789205559,0.003191378581407408
v_subj(0.Gradual).1,-1.5384645646865294,1.0452524518421564,-3.586969849635028,-2.2355089516794475,-1.540087706079262,-0.8295619284584492,0.46035675785980246,0.015942332047214316
v_subj(0.Gradual).3,2.6615196021951255,0.31314081893572215,2.0829601744927286,2.446100638911532,2.648145236412911,2.868452931787358,3.303367420627277,0.008538125686587211
v_subj(0.Gradual).5,3.6024008417465447,0.4736930254911215,2.6949671946590104,3.27751926975928,3.5919701560967194,3.901262701769984,4.578566338460906,0.02116016235282128
v_subj(0.Gradual).7,3.84850691021799,0.40446474976180696,3.079704365419057,3.566089255169585,3.838909826556158,4.13333166379697,4.634975169439019,0.011561666061891808
v_subj(0.Gradual).9,3.0498105124105677,0.42286275191154077,2.2916030280494994,2.7520114993310956,3.0267760682923144,3.3208259527072004,3.925958259778856,0.00949015079374221
v_subj(0.Gradual).11,-2.50569813554836,0.3049901642372543,-3.1579508000958154,-2.6989458282042174,-2.4906206699318543,-2.2982360065502982,-1.9413360346315296,0.010131589208638003
v_subj(0.Gradual).13,0.041818584198952465,0.13300863049962938,-0.21641243274527744,-0.04970129432711917,0.04293975057507815,0.13051338175737037,0.30403232766410015,0.0014696605165721711
v_subj(0.Sudden).0,-2.043119717286997,1.3999195259186663,-4.76031849698936,-2.959754687404008,-2.028046997150783,-1.1081254947202361,0.6452474008235161,0.02039806765198777
v_subj(0.Sudden).2,0.24994676450037862,1.951963346143491,-3.5463614749277754,-1.0756872132497568,0.22209400478944952,1.5843838676989668,4.095708163175031,0.02531663714199215
v_subj(0.Sudden).4,-2.111853886872846,0.2989203731325198,-2.72038105094596,-2.3048253650152666,-2.102574543350223,-1.9114385598972423,-1.563115501315712,0.00478780466504728
v_subj(0.Sudden).6,1.669379497232354,0.24608465588299808,1.1850876346885455,1.5004187868242986,1.6723418131939956,1.8345040601939742,2.146875301211462,0.00322167675465038
v_subj(0.Sudden).8,1.6589622194232365,0.2636413748266572,1.1864828455401497,1.4695855821281727,1.6485106054022232,1.835630279374475,2.1894628044416358,0.005869155300716423
v_subj(0.Sudden).10,0.46968623369087464,0.14121205170945075,0.19660117614343675,0.37514671090653406,0.46937729735501926,0.5641072731507534,0.7543519129219143,0.0015938146773177466
v_subj(0.Sudden).12,1.1443902007861644,0.1941962246026277,0.7737583315619465,1.016063991615225,1.142353338945115,1.2710127281910126,1.534822622510702,0.0024816357431939806
v_subj(1.Gradual).1,1.0516949746175874,0.16779352138417467,0.7234236372713021,0.9375490116225838,1.0514948784879534,1.1638564357834806,1.380507499032934,0.002273480940391593
v_subj(1.Gradual).3,2.489486293598705,0.3485068827762075,1.8657924769566028,2.2393245365617624,2.4683323647581883,2.7134515883221213,3.2283806611762267,0.009046414250837471
v_subj(1.Gradual).5,3.201329439253496,1.2542941880938105,0.8076651545107035,3.043150793307888,3.6597664084867154,4.038374819615726,4.7060127499340245,0.11937336931547457
v_subj(1.Gradual).7,1.5999346090274502,0.2538093149428861,1.1132150615090606,1.4267829083695203,1.5998940127619155,1.7679026770932753,2.1082149509218504,0.0039060383507345245
v_subj(1.Gradual).9,3.0614041006316333,0.39746623073610216,2.3359819872692436,2.78694112984222,3.039235759397507,3.3219037743545368,3.8822991400074995,0.007311768056529615
v_subj(1.Gradual).11,-2.000197988544203,0.24873306789368804,-2.490524640485552,-2.1671882141328926,-1.9975414100152666,-1.8349998880675633,-1.5205871850043768,0.005151109470268591
v_subj(1.Gradual).13,1.4050594204123434,0.27229772519243045,0.9267089014160378,1.1987117234565106,1.3919236503464076,1.5996850836522487,1.9564249671107965,0.007206948993224371
v_subj(1.Sudden).0,0.025126206280260785,0.13130001609066058,-0.23229370045574033,-0.06316565962833637,0.026582275768725933,0.11431463329032526,0.2816020025614703,0.0013595844386771888
v_subj(1.Sudden).2,-1.8432428353585448,0.2505490920091082,-2.356885935815942,-2.0089722840585096,-1.8370056278212281,-1.6730653160480102,-1.3710613344478186,0.005994903652291329
v_subj(1.Sudden).4,-0.9948060682349759,0.1513990013764284,-1.3049533662679862,-1.0945849344345193,-0.9940054744449354,-0.8908802216547907,-0.7052878689856501,0.0018132217512736113
v_subj(1.Sudden).6,-2.045541154636945,0.2793417702028592,-2.63771823494365,-2.224747015946853,-2.0254854225769163,-1.8478961402261136,-1.5486066638194147,0.007988669396857953
v_subj(1.Sudden).8,0.42769395645624453,0.13071804301445517,0.17248178469430975,0.33999766634040013,0.4260301354388,0.5159517094624975,0.6856131478713043,0.0012809637552139738
v_subj(1.Sudden).10,0.009440708025536303,0.0950273020836921,-0.17529631066089787,-0.053748612602317336,0.009445958407010763,0.07512833261900775,0.19401058021456064,0.0010720574564763489
v_subj(1.Sudden).12,0.1357011290362133,0.12663833103050798,-0.11094580120046921,0.04980540280890455,0.13441130852303995,0.2216683889794414,0.385839996662549,0.0011315465184643394
v_subj(2.Gradual).1,-0.11689586415726108,0.13477742382324936,-0.3834302715793425,-0.2079973742743637,-0.11558888382447181,-0.025949857616104577,0.14295078692984353,0.001424617551620545
v_subj(2.Gradual).3,0.1160034406889546,0.17885284075274657,-0.2357850792174082,-0.00385543892687662,0.11800443152768303,0.23797431403554414,0.4611007285778139,0.0018335555971446828
v_subj(2.Gradual).5,-0.03740908753531833,0.14802146471436664,-0.3287517364875744,-0.1394742142047484,-0.03576959442913091,0.06307233355237599,0.2519478705072298,0.001597809645854261
v_subj(2.Gradual).7,0.6813874117914724,0.1958145678395979,0.30388147038749425,0.549939584104904,0.6805093425633241,0.8114957583215321,1.0726506524607478,0.002187601031405701
v_subj(2.Gradual).9,0.4817953846967046,0.2095577552557342,0.06863815143083063,0.3395165696743991,0.48068396363844956,0.6255172835742943,0.8884805061029755,0.0020844213736585316
v_subj(2.Gradual).11,-3.3226533454173803,0.4264106182820678,-4.218991631473084,-3.6044739465605025,-3.311604326021228,-3.0305428412560884,-2.5228190128112473,0.01858243039055143
v_subj(2.Gradual).13,1.2395336898907785,0.20959257427310812,0.8649012613669835,1.0968182878244428,1.2258479937705036,1.3670949419895988,1.6832873666534325,0.003886642255630797
v_subj(2.Sudden).0,0.6004356543336558,0.13682408371364627,0.3435087103722335,0.5060398187041136,0.5981842692729105,0.6899823921936327,0.8782209029195366,0.0014314833854265061
v_subj(2.Sudden).2,-2.1581068274031545,0.46896573959617505,-3.1440354444881797,-2.48267465518764,-2.1009370547885213,-1.7957162140468492,-1.3959687955386255,0.014809751615301172
v_subj(2.Sudden).4,-1.6007420243647987,0.2356399243082925,-2.0916170960640983,-1.7495173931528099,-1.590294998736554,-1.4356995779178516,-1.1705265494233572,0.0033619024097818486
v_subj(2.Sudden).6,-0.2620009726931432,0.12296401883940392,-0.49993208442639947,-0.3453913571490205,-0.2626772007083248,-0.18075710392609023,-0.015230246096000766,0.0013714564920593475
v_subj(2.Sudden).8,0.17649142248730498,0.13264492717334195,-0.0814822150293176,0.08591617092871695,0.17540192236058882,0.26516175691509913,0.43801080715162133,0.0014267382752498328
v_subj(2.Sudden).10,-0.20500652241982972,0.11797736443404586,-0.4418937795536746,-0.28261690594200134,-0.20468824085487247,-0.12494583286258099,0.02600287055925521,0.0012423775496810323
v_subj(2.Sudden).12,0.7999237515061146,0.1527552140065872,0.5221786685910575,0.6958480170089211,0.7921989630032333,0.899524735118703,1.1129688002816571,0.0020328656415000024
v_subj(3.Gradual).1,-0.9427102192875211,0.13180513845771177,-1.2168351973092957,-1.0276912248951817,-0.9379441504196684,-0.8522193721549451,-0.6952929692633599,0.002132721308627974
v_subj(3.Gradual).3,-2.066526564805434,0.2449800228944182,-2.5827101685417557,-2.2244906359824985,-2.058758513828437,-1.8971404013725601,-1.6099616643245185,0.005752272144957308
v_subj(3.Gradual).5,-0.8724834721358379,0.157738183346011,-1.2006017220562266,-0.9745151653039905,-0.8672431907690021,-0.7653270514088134,-0.5793027969011644,0.0021245074904628525
v_subj(3.Gradual).7,-0.4273292375763822,0.2466923907772407,-0.9120432149597065,-0.5917529827762029,-0.4292671189131856,-0.26087053068071847,0.0627411689414965,0.002859079501979233
v_subj(3.Gradual).9,-1.5803514339217406,0.22120730062819285,-2.025626599107645,-1.7275251203860744,-1.5754664045080742,-1.4296688217410503,-1.1537869484441852,0.0030501034759914765
v_subj(3.Gradual).11,-1.0278577599576741,0.15567943972897136,-1.3589102394343358,-1.1250356276472302,-1.0185036868852786,-0.9200206975381406,-0.7527392567224359,0.002648055966671177
v_subj(3.Gradual).13,0.3020043431651157,0.09901512554963145,0.11176220710558143,0.23493416285995597,0.29996336045193395,0.36643544896119273,0.502368651575493,0.001066853350284555
v_subj(3.Sudden).0,0.9780277293330489,0.16852407777755396,0.6598176038543797,0.8636528657857586,0.9725960599197436,1.0873818356108211,1.3267084319626659,0.0025013712592950065
v_subj(3.Sudden).2,-2.9048494251323023,0.3358119588233921,-3.59037803579409,-3.1263099684294158,-2.893060910244218,-2.6755106403427713,-2.2618801887035467,0.010613823603539876
v_subj(3.Sudden).4,-2.50745819503021,0.3463687044046569,-3.159565748792194,-2.7488592561839904,-2.5149028726993725,-2.2788065840910767,-1.7993513544385114,0.010913054084055067
v_subj(3.Sudden).6,-0.19354549662695683,0.11548190323551173,-0.421545394674387,-0.2704107413192761,-0.1923952164490326,-0.11618297668940025,0.03014273546132873,0.0012270926134231384
v_subj(3.Sudden).8,7.812432722458635e-06,0.1840580208679617,-0.3573485018268183,-0.12389611422463509,-0.0024765687025846694,0.1258188745076999,0.3634389409527694,0.002029581744796372
v_subj(3.Sudden).10,0.05966105191229525,0.1307528817032158,-0.1957727480368432,-0.02783441398922043,0.05787370048662466,0.1470634571494811,0.320904279246195,0.0014771199278027672
v_subj(3.Sudden).12,0.7514104571965484,0.14111358422312797,0.4768517788758091,0.6558544020374781,0.7495988053398261,0.8449433875467167,1.0315999794743407,0.0016140542555151
v_subj(4.Gradual).1,1.3255280593483967,0.20600735308420895,0.942675570573023,1.1821520415985765,1.3210960282969433,1.457555709536186,1.7463173331495883,0.0037555153727144184
v_subj(4.Gradual).3,-1.9589159237763658,0.26375529182285523,-2.511097770221691,-2.132575987538405,-1.9468876053705237,-1.7767641842341202,-1.4756300583862376,0.004412670015166559
v_subj(4.Gradual).5,-2.2848454148079513,0.3946862660564693,-3.1380667311474126,-2.5360069827411658,-2.254821769581924,-1.998838050255478,-1.6169670725432925,0.01572172869927165
v_subj(4.Gradual).7,-0.2748344047969443,0.21951715510910885,-0.698446519424488,-0.42532692032851704,-0.27607106516785396,-0.12731203784643053,0.15615009657454237,0.0021578387116839314
v_subj(4.Gradual).9,0.11488091309088089,0.16221447112831558,-0.20263481491963475,0.0056910048665874124,0.11417608364285531,0.2233094104205301,0.4417932382885881,0.0016016069008543507
v_subj(4.Gradual).11,-1.2473130173208347,0.20760348094527745,-1.7220459602072549,-1.3680236239405343,-1.2263034992697253,-1.106706765107778,-0.8955275763875976,0.004407462389542005
v_subj(4.Gradual).13,0.383760976667493,0.11672729576220991,0.1553528481002041,0.30485257081298434,0.38301225691021834,0.4605529171970655,0.6189117120435969,0.0011734135297341854
v_subj(4.Sudden).0,0.6237182075884313,0.1517362836366362,0.3335282186382944,0.5202912605618015,0.6213609131580848,0.7250756699088519,0.926562008532988,0.0017773359023317836
v_subj(4.Sudden).2,-2.448768630698332,0.3391669943141877,-3.1710528005474647,-2.6670445414825807,-2.4287159345738725,-2.209109702541209,-1.8427146006067388,0.009963247543417892
v_subj(4.Sudden).4,-2.8780920032570565,0.3092366923652775,-3.486965764028011,-3.0787681527127706,-2.8804144898385498,-2.667214471688621,-2.26621274602897,0.008095128627119728
v_subj(4.Sudden).6,2.4701453316984257,0.3080563017370908,1.892922641851852,2.2592041582998563,2.465283988946763,2.669961888989852,3.090078114249106,0.009740903796462808
v_subj(4.Sudden).8,2.308517566337016,0.3007483120498962,1.769235933789218,2.100156208858493,2.2952058111098532,2.502125095125029,2.937245270943028,0.005634158534253133
v_subj(4.Sudden).10,0.827200579850299,0.16248030572717212,0.5042002484023802,0.7176638609246357,0.8286978066640944,0.9364745207922942,1.1475729594063973,0.002134509845041117
v_subj(4.Sudden).12,0.5522057556603399,0.13606159071427756,0.29304872748632,0.4600318554779693,0.547604925578545,0.6397162266475612,0.8259008526071024,0.0013809243258568384
v_subj(5.Gradual).1,1.5137138619149872,0.20330171297713667,1.1373646726583353,1.3751652943274832,1.505471908317062,1.649297419364396,1.9288409718704944,0.003406953759382561
v_subj(5.Gradual).3,-1.789715436966057,0.22230100023643162,-2.2350419115628104,-1.94041423626707,-1.7810039178910206,-1.6365153590262382,-1.363154003664315,0.0037365691899297372
v_subj(5.Gradual).5,-1.4121759413046169,0.24287889892857537,-1.9653065134346863,-1.5515934772305866,-1.3882822635821264,-1.2425516594053816,-1.0117265117322516,0.004785890300105266
v_subj(5.Gradual).7,-0.23728178048554532,0.2195122670525228,-0.6669436394324528,-0.38771778286232145,-0.24006987108826217,-0.08698872980401173,0.19679279845070607,0.0023749064392248466
v_subj(5.Gradual).9,1.6713211110643273,0.2671479693497717,1.1911756846375239,1.4880367766238518,1.653569385773333,1.8392869967010088,2.24093236152133,0.0052279876511763775
v_subj(5.Gradual).11,-2.0184015349936035,0.28979056873488135,-2.6425936614586996,-2.2001056973994464,-2.0004337578749123,-1.8189827239850782,-1.4992074197562668,0.0069713586831054485
v_subj(5.Gradual).13,0.29651472150371594,0.12176400467339829,0.061868795281817324,0.21165485569904624,0.2958960885684895,0.3783130640546158,0.5374829164603268,0.0011901760126310009
v_subj(5.Sudden).0,0.6412367153117662,0.13398218154398997,0.3865501066718011,0.5493764376363393,0.6379910203073245,0.7309453728108114,0.909413578401377,0.0013439489603437006
v_subj(5.Sudden).2,-2.4676258851334953,0.31345081928384366,-3.1604937372239386,-2.655708661173941,-2.442138662703381,-2.2500303993601576,-1.9171577439877119,0.00909454002035183
v_subj(5.Sudden).4,-2.3156610623896094,0.2750151684729054,-2.8700009445006853,-2.4977524698332862,-2.307313794907345,-2.124702890044778,-1.7953234004223106,0.006722420873533949
v_subj(5.Sudden).6,0.3505552408162502,0.14505038926537386,0.06658272615266148,0.25145774635419205,0.3504073192008918,0.44748650295834813,0.6289882859056606,0.001395645779038053
v_subj(5.Sudden).8,1.0814806090363034,0.17766418717408364,0.746225025874669,0.9614080096779973,1.0782698428464272,1.1965809030143113,1.4499257113772694,0.0021386340721291173
v_subj(5.Sudden).10,0.0771549437508324,0.15683971000248886,-0.23281764561201546,-0.027888627980114045,0.07826299136099622,0.1835102795203738,0.38463155802826976,0.001417938625931583
v_subj(5.Sudden).12,0.42030024744145217,0.11564791424553231,0.19869349060211422,0.3418592761539032,0.4188832732169502,0.4975961488146893,0.6516265218372258,0.0011952911529254462
v_subj(6.Gradual).1,1.0195295998489295,0.18546866004359666,0.6929727872346315,0.8916780364844497,1.0048598990228907,1.1337090354579047,1.4154452193775455,0.003663486871616318
v_subj(6.Gradual).3,-2.190919622235609,0.2747640533716457,-2.7387304231758254,-2.3727615132797624,-2.1897940535826037,-2.001293917151375,-1.6672989550819146,0.0061459516920049995
v_subj(6.Gradual).5,-1.6509303761833753,0.300160738748553,-2.2661020727766417,-1.8547262208544872,-1.6364761661095804,-1.4315922072125469,-1.1110407184263849,0.0069924893010722316
v_subj(6.Gradual).7,-0.6740100211626575,0.21814120229555556,-1.1045406783520875,-0.8173368314669328,-0.6725304590564791,-0.5265176705002137,-0.24039907487921153,0.002424445411578192
v_subj(6.Gradual).9,1.3075004130745844,0.19112982939275158,0.9532067269478417,1.1746595860802151,1.2999353831897467,1.43011355065327,1.706988798930115,0.0028185420102436907
v_subj(6.Gradual).11,-1.4392819945362718,0.2311910037425265,-1.9475126001993475,-1.583273490780218,-1.4204644641766118,-1.2776594974287228,-1.0322134491662538,0.005010608388319652
v_subj(6.Gradual).13,0.1675056467921981,0.11447776798030472,-0.05820633858080715,0.09031428497957333,0.16666331859051295,0.24370974685919222,0.3920664990635034,0.0010237128834061512
v_subj(6.Sudden).0,0.9955628107751462,0.15307385414301736,0.7069405496815409,0.8901098212439349,0.9923492413381936,1.097868223153856,1.3027528825670605,0.0018646891698137435
v_subj(6.Sudden).2,-3.800129792413849,0.40128015681456963,-4.601889051859977,-4.0658368190364245,-3.7856894118382085,-3.528121511331493,-3.0297914688119834,0.013645590828065888
v_subj(6.Sudden).4,-1.3496053235485401,0.19744153210632454,-1.7600381701287435,-1.476491072641837,-1.3431677669701194,-1.2142409361995334,-0.9845441307889189,0.002699156991216306
v_subj(6.Sudden).6,2.6470352334970175,1.1322709215673246,0.8563025884268998,1.2669106826418357,3.0278669146937114,3.4649981220728736,4.473690224712852,0.10419580799549935
v_subj(6.Sudden).8,1.3929122837473225,0.19642726875196517,1.018058493875115,1.2606564709224526,1.3869295386198983,1.5214458216728768,1.7903314587977528,0.002980976502635361
v_subj(6.Sudden).10,-0.44895051338720743,0.15612623766114916,-0.7589675147245347,-0.5529851864143094,-0.4481159405524354,-0.3446696274190383,-0.1463520043280293,0.001829515459503464
v_subj(6.Sudden).12,0.8030633438543487,0.13690024048282717,0.5402889338108608,0.7094784183475835,0.8014815236486054,0.894157783102513,1.0786615758285079,0.0017928823916932943
v_subj(7.Gradual).1,0.44031102819801854,0.11852225346261337,0.2066279635313848,0.36161038536855517,0.43926679303961913,0.5204436251224794,0.672562881939473,0.001272965390233517
v_subj(7.Gradual).3,-1.5857050658955079,0.1997457924457971,-1.9959116427200958,-1.7174323403882734,-1.5768653898479732,-1.4488764057255143,-1.211606982638775,0.003356002561344285
v_subj(7.Gradual).5,-2.344589780160608,0.3158612184378902,-2.9873494601162753,-2.5549946256433484,-2.335930932323065,-2.1235084899495567,-1.7512057878815235,0.007826237877660795
v_subj(7.Gradual).7,-1.1980806829428574,0.21811148759379692,-1.63450750957744,-1.3423078486235875,-1.1962420618893583,-1.0512830425952242,-0.7776625646912472,0.0026731550604957516
v_subj(7.Gradual).9,0.2566579529037538,0.17826243602417696,-0.09155190566902546,0.13635619306368582,0.2552730800366154,0.3758158523161672,0.611289183193972,0.001705483951393498
v_subj(7.Gradual).11,-1.6493662972590397,0.21411370973912494,-2.0842980615423223,-1.7900689165424692,-1.6428794468250896,-1.5021427050085066,-1.2476460739339426,0.0037432298435122933
v_subj(7.Gradual).13,0.7356567617981056,0.12010938381332903,0.511303692749602,0.6527862111219808,0.7313048540906819,0.814964992232097,0.981335429219411,0.001438723325819927
v_subj(7.Sudden).0,1.8331854083832433,0.2439970321419916,1.375921480676646,1.6691224681890122,1.8260884388882817,1.987490185272737,2.3462771150899737,0.0040321597703325785
v_subj(7.Sudden).2,-2.8422561608630623,0.31846452412185655,-3.4945470987010596,-3.0516371234807886,-2.829927371904728,-2.6269626234278345,-2.2371448864113086,0.009789589141807897
v_subj(7.Sudden).4,-3.302401306357049,0.35391754191438785,-4.025159500570391,-3.5421121493550576,-3.2893005674995868,-3.0572830650398344,-2.6291114402490936,0.009717480534704675
v_subj(7.Sudden).6,0.3327497259707981,0.1452398441253487,0.044368575796486454,0.23541278840124202,0.3342540452297337,0.43157289709100694,0.6151806714879429,0.00151747865167821
v_subj(7.Sudden).8,0.02254509070981929,0.1661899805157483,-0.30615926423841944,-0.08845917766326863,0.023274274103361803,0.13288411365197694,0.35261503910364533,0.0016267244602256935
v_subj(7.Sudden).10,-0.13377861588204065,0.15143747967617086,-0.42389105067550403,-0.23580546430137317,-0.1346261479211488,-0.032670141346918535,0.16509887841111714,0.0016809312024967272
v_subj(7.Sudden).12,1.5153486350778502,0.319267086916191,1.0535264636303787,1.305156373644687,1.467699786347694,1.65605767030518,2.3350690614065526,0.007545116275826408
v_subj(8.Gradual).1,0.8693410886606817,0.13259067550851614,0.6190248431710832,0.779019712084335,0.8666981501967268,0.9569987490876573,1.1379639069104615,0.00184475387403442
v_subj(8.Gradual).3,-1.8652660641424543,0.3745731310248661,-2.7897935921392842,-2.0483002439040074,-1.8045255507770017,-1.6069331738645438,-1.2973358992892412,0.014879593066840327
v_subj(8.Gradual).5,0.08029361770747176,0.15138781885762106,-0.2186215466155098,-0.02223430564956619,0.08157759482084637,0.18087263654826335,0.37928684251471845,0.0016793261110984944
v_subj(8.Gradual).7,-1.0074976390186108,0.20121252657084157,-1.403172646448617,-1.1439881240349146,-1.0068490664147736,-0.8701505624030403,-0.6140794815582353,0.0023140403451092965
v_subj(8.Gradual).9,0.3749385513507005,0.13166369823797236,0.11921172842134298,0.2865735473129201,0.3750817687389133,0.46351651230873525,0.633273864966164,0.001359503753493987
v_subj(8.Gradual).11,-1.2771018599808859,0.2159344297890442,-1.754967736063387,-1.405533830840251,-1.2581493362662048,-1.126943663894766,-0.9086400223982312,0.00318024575491244
v_subj(8.Gradual).13,0.4057033769925551,0.10427676919865764,0.20673624208470817,0.33592247208621695,0.40209851779746497,0.47451059204831847,0.6171332300350348,0.0012848438197118769
v_subj(8.Sudden).0,2.884295942519271,0.8258125692898064,1.6282857373484187,2.1902922422271898,2.803424273945937,3.5087223627813726,4.558431585288148,0.044543632088354566
v_subj(8.Sudden).2,-3.1932074399456956,0.40149572744473566,-4.031142422939283,-3.4536362428049983,-3.1694876562888963,-2.9156713049950773,-2.45236465275197,0.013682276947181101
v_subj(8.Sudden).4,-4.03552113253743,0.44469112679013506,-4.92134927220124,-4.334955820164231,-4.026156109657709,-3.7368189287409908,-3.1815737444775807,0.013639881960475697
v_subj(8.Sudden).6,0.8530043857054684,0.1606030173313871,0.5432210215181058,0.742442780333537,0.8482016311183023,0.9619646328224059,1.1673891167771377,0.0020994917761953686
v_subj(8.Sudden).8,2.187834966745408,0.33585136147910927,1.5963707638784022,1.9582867152234131,2.1607656944165408,2.3850910754049037,2.9497256888676735,0.007468124997330782
v_subj(8.Sudden).10,-0.11450870631934959,0.17081204930796032,-0.44364999797362037,-0.23276609620677602,-0.11359741194555234,0.0017079875094458963,0.21883429380822506,0.002010778329990962
v_subj(8.Sudden).12,1.2231303370891895,0.20767966320926895,0.8397722948229671,1.0806254346382513,1.2141875726570823,1.3525485525154912,1.6631472563574732,0.002685009961094962
v_subj(9.Gradual).1,0.8013642441666146,0.1342008292664653,0.5465705559043168,0.7101110344289359,0.7961359946178592,0.8897723062242651,1.0735826564571445,0.0016298417332782193
v_subj(9.Gradual).3,-0.20591435236792727,0.11966289786557223,-0.4402241450219293,-0.28718762052183333,-0.20451643107062054,-0.12453698587281126,0.02461493287431571,0.0010995834687076583
v_subj(9.Gradual).5,1.3213639086351552,0.24990958960788226,0.8384234023644219,1.1525903172784702,1.3222578498673716,1.4895906859425647,1.8122267145694189,0.0029902794111593104
v_subj(9.Gradual).7,0.5143917474771611,0.18838394678361703,0.14936464282554607,0.3869177151202783,0.5115006904719688,0.6416958654017986,0.8864704962310572,0.002023695135275603
v_subj(9.Gradual).9,0.636645876751962,0.13867081920161492,0.37117834889833534,0.5425059275290671,0.6331656415503489,0.7303261498171498,0.9136043252823287,0.0015833589193586677
v_subj(9.Gradual).11,-2.3616944763388954,0.31061532336962383,-2.976702419807885,-2.569332870766075,-2.3568546926519947,-2.146783346724241,-1.7698617286778702,0.005334020772946571
v_subj(9.Gradual).13,0.5465204552596149,0.1411290083749975,0.27578650810893357,0.44948932362700267,0.5443063308958929,0.6393361841203224,0.8316821030816186,0.00152302878730461
v_subj(9.Sudden).0,1.3120604973323384,0.236669793992752,0.8550754009443421,1.1526174366733746,1.3090153622203895,1.4676328361247428,1.788750170010162,0.0028956209009875092
v_subj(9.Sudden).2,-2.333549417007324,0.28040287491696947,-2.899763907524711,-2.5187399601482787,-2.3253269569759807,-2.1367830809289114,-1.807143880009539,0.00614627406840419
v_subj(9.Sudden).4,-1.4172792137367387,0.223517289518551,-1.8730151981804526,-1.5618382876370098,-1.4148689015444096,-1.2647370261519595,-0.996339214909032,0.003275519385050306
v_subj(9.Sudden).6,3.6309865532748384,0.3893346156612769,2.8847455153471357,3.372765898767329,3.615981509339092,3.8802844598341686,4.4445204630930535,0.013251831688690933
v_subj(9.Sudden).8,1.2157108947189441,0.20991044784715387,0.8082320307020149,1.0741447233273396,1.218229994924443,1.352762743589481,1.62480249067201,0.0025596701092546765
v_subj(9.Sudden).10,-0.5728722335208544,0.1887314254868632,-0.947840000999762,-0.6978107111430718,-0.5711183220926308,-0.44330650658443504,-0.20920869183767343,0.0019086559768776209
v_subj(9.Sudden).12,1.7522520601807017,0.39781322642849093,1.1518004961903034,1.4627489267925977,1.6852067226144913,1.9770191140808382,2.696028619800545,0.01018661125750789
v_subj(10.Gradual).1,1.2737189921553485,0.19096396800855267,0.9204520232624789,1.1436259126993127,1.2663214869800408,1.3910642391122297,1.680743589227724,0.003011306725112555
v_subj(10.Gradual).3,2.3581709783615885,1.2087730173596165,0.7516081601223337,1.0577762038915277,2.6524126440488773,3.3605534207089245,4.389114969887189,0.11010427417391828
v_subj(10.Gradual).5,1.2833555688785623,0.24312952981539068,0.8092861907587137,1.118310784938625,1.2818118116224553,1.446111766346602,1.766232415352465,0.0028009303790504534
v_subj(10.Gradual).7,-0.11925170789580655,0.22384159760481145,-0.5487041070600545,-0.27240162796087897,-0.12028737120226274,0.03421698873555812,0.3126521599769958,0.0024515457231992547
v_subj(10.Gradual).9,0.7635508191388508,0.16381304133406413,0.44668654000291297,0.6527127955959446,0.7630351050789487,0.8752888444119971,1.0857155661758027,0.0018511009582926226
v_subj(10.Gradual).11,-1.8553978982024464,0.25424005006455075,-2.3814266162038917,-2.0153145739205334,-1.8469190985908983,-1.6828976599891485,-1.3692124290253087,0.00398354239548523
v_subj(10.Gradual).13,0.477530532167494,0.15377060168947057,0.17452919399344702,0.37408393092601094,0.47512552500005534,0.5819064273466977,0.7814724295096678,0.0015107653963037228
v_subj(10.Sudden).0,0.24219259968826792,0.16683542774968596,-0.0827668164010984,0.128536649439205,0.2417492009661521,0.3553575565433964,0.5668825735255915,0.001720663867047632
v_subj(10.Sudden).2,-2.513685965654047,0.3146525544852528,-3.1538269742651126,-2.7255530751628716,-2.5066791058769633,-2.2973670226791123,-1.9141453854227797,0.007778391812186175
v_subj(10.Sudden).4,-0.48663149629663693,0.17883597055933523,-0.8388545342465992,-0.6065783387568641,-0.487075055789151,-0.36669088365681224,-0.13174563302892328,0.0019815426574081125
v_subj(10.Sudden).6,4.555170639987873,0.4948840950015345,3.6264476628571405,4.213722243303327,4.538698668297634,4.888858120684138,5.582694711651086,0.02126608088689061
v_subj(10.Sudden).8,-0.09618982085524277,0.20122323118911015,-0.4848306720319825,-0.2331905818166588,-0.09531798546517467,0.03789314653857362,0.2957983251996015,0.002050632690412885
v_subj(10.Sudden).10,-0.08258788681075796,0.21225473631504096,-0.495846698264378,-0.22557348059753424,-0.08259463475177153,0.05942877267680147,0.3374114144468898,0.00217530034404194
v_subj(10.Sudden).12,1.9208803555621603,0.3274390800180184,1.3733770564727714,1.6972179503401825,1.8881375481181952,2.103111539021225,2.6842995951528947,0.00891677593101427
v_subj(11.Gradual).1,2.192099859565654,0.4262714018732065,1.5315131025730553,1.8889622090876461,2.1245916934952853,2.4312436232591685,3.188298457287435,0.015518161021182423
v_subj(11.Gradual).3,1.9065878597001429,0.2749079303375936,1.4203487025569514,1.717371129464461,1.8902259328197255,2.0776513416532527,2.48931582261502,0.007680700078281715
v_subj(11.Gradual).5,0.5321153793646934,0.18354192697605187,0.17783954410320937,0.40903023753042445,0.5293990425051465,0.654867373782547,0.8971236612536095,0.0018499024760108712
v_subj(11.Gradual).7,4.881473554661445,0.9283687450632788,2.744180117051801,4.325597394674615,4.944737749263647,5.498271343355023,6.554266560815383,0.04464556938736423
v_subj(11.Gradual).9,0.09094924437999857,0.1980056118906476,-0.2933446118525018,-0.044340571682679464,0.09123617943881729,0.22430874793528943,0.47932619164552626,0.0018799170606891788
v_subj(11.Gradual).11,-0.8141541580353577,0.18741817972768038,-1.1849087273310348,-0.9398525931835281,-0.8140588476627313,-0.688849175046701,-0.448048516042608,0.0022853922698463356
v_subj(11.Gradual).13,0.6635894834817132,0.18127429154810437,0.3075072626967766,0.5411484914674338,0.6609486178196723,0.7875721256874764,1.0215403221962773,0.0018563323890762988
v_subj(11.Sudden).0,1.8246251443157147,0.27291380073994576,1.3048576924565438,1.6402776635574994,1.8194907975642405,2.000971837220969,2.38315708376691,0.004121274250082593
v_subj(11.Sudden).2,-2.502754612168882,0.33394779211734904,-3.189888547095998,-2.71169372981714,-2.488780527313052,-2.271337232278018,-1.8807496868961038,0.009171614940605007
v_subj(11.Sudden).4,-2.0707070751568786,0.2819113785822454,-2.6445109263170075,-2.2533200454857205,-2.0644260846651665,-1.880918553509452,-1.5360848889607994,0.004184800678389103
v_subj(11.Sudden).6,4.157538094189247,0.4881050259737228,3.23196307168397,3.821619189569174,4.135866298910995,4.474316118242022,5.1672013878006195,0.019082667810675212
v_subj(11.Sudden).8,2.6584073056046544,0.3845155511096267,1.9229588157697446,2.388946629963505,2.6546402192023706,2.9196818775610494,3.4242946198612554,0.007536215574311324
v_subj(11.Sudden).10,-0.2487740804215828,0.19506734010713284,-0.6338167421936292,-0.3789385780817284,-0.2489755873771928,-0.1175439267508247,0.13240332363117835,0.0018291593955667641
v_subj(11.Sudden).12,2.01132617965667,0.28373165831181374,1.463270075269982,1.8189584689239773,2.0094338506076053,2.2015455276265925,2.5776025287788267,0.004195625676101338
t,0.496999414106222,0.034703247764924165,0.4313544346379478,0.47411971649430656,0.49595561489340556,0.5184492342525394,0.5676875828000685,0.00045769966497759854
t_std,0.12615038693891806,0.030088091525914972,0.0834011351443848,0.10549359407329974,0.12097894404873144,0.1405287519524151,0.2009627533390131,0.0005206272553540503
t_subj.0,0.39424323032876785,0.012619958462592791,0.3682490903662436,0.38579742962340197,0.3951180139249258,0.4032680145944768,0.41707714354443187,0.00037933624415613273
t_subj.1,0.4946112829537348,0.025423777430550056,0.4381680820077461,0.4796045563630194,0.4971993860723377,0.5124367801329116,0.5377553540119508,0.0009646486047896173
t_subj.2,0.4892071714274822,0.017552068057765893,0.45080836213185405,0.47852977060031254,0.4904267613734025,0.5014711270896779,0.5193208006863728,0.0007984399198779919
t_subj.3,0.3346689784580879,0.022860907207547233,0.2814334849523951,0.3214942471014871,0.3371131438576422,0.3505389007669325,0.37208661352847394,0.001197197804891
t_subj.4,0.460980516050315,0.008480343444258125,0.44285098583188237,0.45578863603182757,0.46166750688076236,0.46687303341061365,0.47565788887324606,0.0002269353308858831
t_subj.5,0.5201848706873444,0.007929419647743368,0.5018746152656268,0.5157257746142079,0.5214037691897524,0.5258613325864261,0.5327866163925334,0.0001733848990155056
t_subj.6,0.4868187498418941,0.0063710035022918575,0.47311548087175465,0.4828844961300687,0.48721376670007366,0.4910765651565971,0.4982583813255657,0.00015126538449885144
t_subj.7,0.7825085142818681,0.010964294979975414,0.7614505389600817,0.7737704884194553,0.7834840105762548,0.7916397508124652,0.8000433513865138,0.00024069920284666333
t_subj.8,0.46487513081936666,0.007060729022954937,0.45083883220278853,0.4603425306959195,0.4649677814597054,0.4693932072097221,0.4788660357582565,0.0001424188961122043
t_subj.9,0.42208699328062416,0.00849236698365464,0.40471126604406066,0.41647636046263653,0.4225824679067464,0.42793331580171795,0.4376050936168782,0.00019688071987832245
t_subj.10,0.6961140938176559,0.006621159881522585,0.6812606531071074,0.6923219366359336,0.6966429492687695,0.7005413147003936,0.7074166114477238,0.00010094956227900073
t_subj.11,0.3652922950823729,0.013980231883345885,0.33707613328918384,0.3564890741870309,0.36547407365245693,0.37416780969840147,0.392957623861595,0.0003291044305331903
t_subj.12,0.5262640582166248,0.010035266342450623,0.5058711569652153,0.5187129365810405,0.5277163762132613,0.5342533372495808,0.5423933992041245,0.00020291859262420577
t_subj.13,0.4974176152103069,0.011092290726615685,0.47415886999835033,0.49032930053960117,0.49803519457429446,0.5053394979314814,0.5172974663141643,0.0001803074965548173
