Block,p_id,Rotation,Emphasis,initsignederrors_mean,initsignederrorsdegrees_mean,initerrors_mean,initerrorsdegrees_mean,initwashoutsignederrors_mean
0,0,Sudden,Speed,0.01682739412307182,0.9641386634552607,0.09962418559322396,5.708045371919755,0.09962418559322396
0,1,Sudden,Accuracy,0.09246918869290419,5.298094247102244,0.19210392047387062,11.006743871069595,0.19210392047387062
0,2,Gradual,Speed,0.0041068130070327545,0.2353030525524072,0.1079603747803864,6.185673829566755,0.1079603747803864
0,3,Gradual,Accuracy,-0.014475937139847593,-0.8294101026099472,0.1431777101117791,8.203478509752514,0.1431777101117791
0,4,Sudden,Speed,0.06302321921852704,3.6109644725493775,0.16582706202405595,9.50119078303254,0.16582706202405595
0,5,Sudden,Accuracy,0.030629854948000308,1.75496141561832,0.09559086357430675,5.476953042818614,0.09559086357430675
0,6,Gradual,Speed,-0.014424541061933393,-0.8264653242619366,0.1469540104088271,8.419844578947364,0.1469540104088271
0,7,Gradual,Accuracy,0.031949720209826955,1.830584124646916,0.11004492912916125,6.305109995917196,0.11004492912916125
0,8,Sudden,Speed,0.03766686198007971,2.158152218960351,0.12119202319951089,6.943791439983536,0.12119202319951089
0,9,Sudden,Accuracy,0.0019369217617202419,0.11097744219361425,0.12853555019880492,7.3645445437834525,0.12853555019880492
0,10,Gradual,Speed,0.04092548764573567,2.3448577166154463,0.09071927035808539,5.197831312024568,0.09071927035808539
0,11,Gradual,Accuracy,0.05429197265740915,3.1107008947092094,0.1155021419946365,6.617785261013422,0.1155021419946365
0,12,Sudden,Speed,0.05897892899779199,3.3792437117752274,0.26164759706466995,14.991303031545137,0.26164759706466995
0,13,Sudden,Accuracy,0.020596164991844645,1.1800733281877953,0.11500843032343891,6.589497665957449,0.11500843032343891
0,14,Gradual,Speed,0.013399454449139508,0.7677321877134875,0.1158186024826089,6.635917111356891,0.1158186024826089
0,15,Gradual,Accuracy,0.028054728943904792,1.6074175638692578,0.09810674815919834,5.621102611274926,0.09810674815919834
0,16,Sudden,Speed,0.023372423666140164,1.339141233061514,0.12600961804826422,7.219819292221067,0.12600961804826422
0,17,Sudden,Accuracy,-0.009360781421110805,-0.5363332683741224,0.08673423205965397,4.969505436326452,0.08673423205965397
0,18,Gradual,Speed,0.023916827502525724,1.3703332752371367,0.42991425743680084,24.632272503629455,0.42991425743680084
0,19,Gradual,Accuracy,-0.003969508601795176,-0.22743608962374023,0.08615790603624844,4.936484387561758,0.08615790603624844
0,20,Sudden,Speed,0.0775394468896547,4.4426830525560135,0.09258891458672786,5.304954035516773,0.09258891458672786
0,21,Sudden,Accuracy,-0.034180469215224094,-1.9583966278091784,0.11412426524603538,6.538838738629369,0.11412426524603538
0,22,Gradual,Speed,-0.028590924120725763,-1.6381392844963705,0.09122137571311023,5.22659982973841,0.09122137571311023
0,23,Gradual,Accuracy,-0.004155160641787604,-0.2380731679732998,0.0744542589112086,4.265914802386555,0.0744542589112086
0,24,Sudden,Speed,0.012444665996084622,0.713026839025618,0.09770334342741951,5.597989222708392,0.09770334342741951
0,25,Sudden,Accuracy,0.004511860092549899,0.25851054105661436,0.10427397482679412,5.974458670628696,0.10427397482679412
0,26,Gradual,Speed,0.009910723948950645,0.5678426541941003,0.14554665000879624,8.339208767771753,0.14554665000879624
0,27,Gradual,Accuracy,0.0014445757621228592,0.08276809435653402,0.0896513679508962,5.136645011160766,0.0896513679508962
0,28,Sudden,Speed,-0.02791327470357121,-1.5993128329039141,0.11743989457172758,6.72881030542134,0.11743989457172758
0,29,Sudden,Accuracy,-0.0009343909826610207,-0.05353665972155787,0.10574523756753053,6.058755816227742,0.10574523756753053
0,30,Gradual,Speed,0.0313631316652655,1.796975076732823,0.11119640238728491,6.371084553829859,0.11119640238728491
0,31,Gradual,Accuracy,0.05358257240883571,3.0700552544804207,0.09414154895078844,5.393913431704423,0.09414154895078844
0,32,Sudden,Speed,0.009359425785108823,0.5362555961526531,0.09767893702415327,5.596590838808142,0.09767893702415327
0,33,Sudden,Accuracy,0.04378014650130036,2.508417620988949,0.11167132884812137,6.398295835614873,0.11167132884812137
0,34,Gradual,Speed,0.03444288221455637,1.9734317851602863,0.13419178905660725,7.688623158253424,0.13419178905660725
0,35,Gradual,Accuracy,0.029190712599532636,1.6725046329325761,0.10594835856723632,6.070393792241361,0.10594835856723632
0,36,Sudden,Speed,0.012940190604279013,0.74141830772003,0.09713356415065985,5.565343274896047,0.09713356415065985
0,37,Sudden,Accuracy,0.03057451851716105,1.7517908716779127,0.11883516877863697,6.80875362874071,0.11883516877863697
0,38,Gradual,Speed,0.011685175991608105,0.6695112671867411,0.12008500539771041,6.880363992094519,0.12008500539771041
0,39,Gradual,Accuracy,0.00833992246106619,0.4778423584854513,0.10153398118363367,5.817468598982926,0.10153398118363367
0,40,Sudden,Speed,-0.04104620935831424,-2.35177456124179,0.1126356101909651,6.453545086823027,0.1126356101909651
0,41,Sudden,Accuracy,0.010909366045056372,0.6250606315450572,0.09394316621411172,5.382546938164592,0.09394316621411172
0,42,Gradual,Speed,-0.028603007013395614,-1.6388315832506628,0.19446817618240875,11.142205744858542,0.19446817618240875
0,43,Gradual,Accuracy,-0.0175356708189742,-1.004719928857938,0.10055046557738505,5.76111730565963,0.10055046557738505
0,44,Sudden,Speed,-0.0014867085486140487,-0.0851821252016053,0.10420708083896693,5.9706259274513975,0.10420708083896693
0,45,Sudden,Accuracy,-0.0012660697468034584,-0.0725404530610347,0.09908209605912742,5.6769859294978104,0.09908209605912742
0,46,Gradual,Speed,-0.04192139013762586,-2.4019187262073154,0.14025241418106846,8.035871399096003,0.14025241418106846
0,47,Gradual,Accuracy,-0.01381917425433673,-0.7917803611293411,0.23754367892198203,13.610250252240304,0.23754367892198203
0,48,Sudden,Speed,0.0006010784682062803,0.034439259384408255,0.11321883203394349,6.486961236945531,0.11321883203394349
0,49,Sudden,Accuracy,0.002308722970032158,0.132280082247751,0.11756443946732942,6.735946202299222,0.11756443946732942
0,50,Gradual,Speed,0.018903531202982094,1.0830925558247342,0.12724154818418856,7.290403689664511,0.12724154818418856
0,51,Gradual,Accuracy,0.03848449871438417,2.204999353010856,0.18622790638103937,10.670073063190971,0.18622790638103937
0,52,Sudden,Speed,0.013188702873418182,0.7556570118989238,0.11905789264318416,6.821514766176108,0.11905789264318416
0,53,Sudden,Accuracy,-0.018256155968563864,-1.0460006871312766,0.09166876209166963,5.252233181041505,0.09166876209166963
0,54,Gradual,Speed,0.0021264554010959726,0.12183691980559819,0.13509267370696754,7.740240046547188,0.13509267370696754
0,55,Gradual,Accuracy,-0.021273397741201926,-1.2188759064740093,0.10720800487510283,6.142566209361349,0.10720800487510283
0,56,Sudden,Speed,0.0064335806398056,0.368617017817937,0.14383605106196182,8.241198667678615,0.14383605106196182
0,57,Sudden,Accuracy,-0.02783354955292145,-1.5947449182506392,0.07582613125085128,4.344517297478818,0.07582613125085128
0,58,Gradual,Speed,0.0034725781595996187,0.1989640725743674,1.1062474610945783,63.38331061778208,1.1062474610945783
0,59,Gradual,Accuracy,-0.01776335077499053,-1.0177650294173974,0.11200861606275607,6.417620969497165,0.11200861606275607
1,0,Sudden,Speed,-0.18998102746810316,-10.885111061481274,1.4748584011137458,84.50316176323031,1.4748584011137458
1,1,Sudden,Accuracy,0.746707323453854,42.78317816541586,1.3850182181853976,79.3556984507527,1.3850182181853976
1,2,Gradual,Speed,-0.03530819670391242,-2.0230106533519074,0.1369143222373763,7.8446128190958175,0.1369143222373763
1,3,Gradual,Accuracy,-0.06580719017594629,-3.7704742586964968,0.09361794774036027,5.363913292198947,0.09361794774036027
1,4,Sudden,Speed,1.1010810496494683,63.08729704674918,1.192061536616921,68.3000949680292,1.192061536616921
1,5,Sudden,Accuracy,0.0860016190510535,4.927529802917261,0.6741204349536927,38.62425580636993,0.6741204349536927
1,6,Gradual,Speed,-0.0018883963947312816,-0.10819714346582289,0.08248416660476017,4.725994623106689,0.08248416660476017
1,7,Gradual,Accuracy,-0.02786969162086305,-1.5968157062065678,0.0951547315102156,5.451964516235861,0.0951547315102156
1,8,Sudden,Speed,0.060548512045877384,3.4691741960258,0.4406168496030462,25.24548586460509,0.4406168496030462
1,9,Sudden,Accuracy,0.9938100746179401,56.94112291318939,1.4806297747911503,84.83383711693848,1.4806297747911503
1,10,Gradual,Speed,-0.07341871144880986,-4.206582303305624,0.11888107048682459,6.811383602892302,0.11888107048682459
1,11,Gradual,Accuracy,-0.06271374234150008,-3.5932327536388446,0.1288870293878061,7.384682817899904,0.1288870293878061
1,12,Sudden,Speed,0.613960616560361,35.177352116158524,1.7296828563083069,99.1035275625992,1.7296828563083069
1,13,Sudden,Accuracy,0.831360743013937,47.63346182755883,1.6555898266047488,94.85830966924789,1.6555898266047488
1,14,Gradual,Speed,-0.02416699298583565,-1.3846667016106464,0.1162956664139057,6.663250861178116,0.1162956664139057
1,15,Gradual,Accuracy,-0.010373094702489732,-0.5943345469421741,0.08962482676253218,5.135124313084246,0.08962482676253218
1,16,Sudden,Speed,1.1788420246583697,67.54267272558151,1.3871000508802833,79.47497867782198,1.3871000508802833
1,17,Sudden,Accuracy,-0.3675496437280751,-21.05904334715575,0.5837700014558355,33.4475572897653,0.5837700014558355
1,18,Gradual,Speed,-0.023223654463287884,-1.3306173856165526,0.2869159893321892,16.439075263554997,0.2869159893321892
1,19,Gradual,Accuracy,-0.025372823280846713,-1.4537556883237956,0.07744053072878182,4.437015574012362,0.07744053072878182
1,20,Sudden,Speed,1.2166192240103755,69.70714681027579,1.4578524601042584,83.52879311673823,1.4578524601042584
1,21,Sudden,Accuracy,1.3812224215135045,79.13821532156341,1.8121243567030347,103.82707759194322,1.8121243567030347
1,22,Gradual,Speed,0.028432053658772695,1.629036677537165,0.20414152815653228,11.696447986720363,0.20414152815653228
1,23,Gradual,Accuracy,-0.03263792289264149,-1.8700152338217684,0.09495640748182071,5.440601386432802,0.09495640748182071
1,24,Sudden,Speed,1.2366294821124235,70.8536501464906,1.3158732411156973,75.39398309013,1.3158732411156973
1,25,Sudden,Accuracy,0.8607696991671567,49.318470895023616,1.242747131425928,71.2041656326955,1.242747131425928
1,26,Gradual,Speed,0.0677250201380762,3.880357821350274,0.18321348935510431,10.497359689912514,0.18321348935510431
1,27,Gradual,Accuracy,-0.06153965179445403,-3.5259623205269,0.09745652845041758,5.583847766205563,0.09745652845041758
1,28,Sudden,Speed,0.1468603669370284,8.414479203234345,1.2281284862576238,70.36657896235238,1.2281284862576238
1,29,Sudden,Accuracy,0.5732868683247903,32.84691800528264,1.4824025908902494,84.93541199726971,1.4824025908902494
1,30,Gradual,Speed,-0.03651635656921018,-2.092233114610562,0.1191227565066414,6.825231191795122,0.1191227565066414
1,31,Gradual,Accuracy,0.008195978564903115,0.4695949807486383,0.10515071611346861,6.024692246080013,0.10515071611346861
1,32,Sudden,Speed,-0.08403720713149952,-4.814977290701625,1.4279706762337834,81.81669301663791,1.4279706762337834
1,33,Sudden,Accuracy,0.9387764587630045,53.787928993357326,1.1203987310226056,64.19411865940845,1.1203987310226056
1,34,Gradual,Speed,-0.014422584571048514,-0.8263532255915791,0.11702890751199065,6.7052624814639215,0.11702890751199065
1,35,Gradual,Accuracy,-0.01411580281855222,-0.8087759259419143,0.09841829507802204,5.638952934843829,0.09841829507802204
1,36,Sudden,Speed,0.8519379599806828,48.81244951387835,1.2542142279720863,71.86118186805943,1.2542142279720863
1,37,Sudden,Accuracy,-0.05330191181227747,-3.0539745868220085,0.7283581347854299,41.731847097225895,0.7283581347854299
1,38,Gradual,Speed,-0.02301608160089693,-1.318724336660102,0.12089988578091158,6.927053198859949,0.12089988578091158
1,39,Gradual,Accuracy,-0.04601858129406155,-2.636670487329406,0.12485247275745992,7.153519750774544,0.12485247275745992
1,40,Sudden,Speed,0.8660051669217983,49.61844110114141,2.150639709220962,123.22257859160372,2.150639709220962
1,41,Sudden,Accuracy,-0.061679542536763644,-3.533977469654193,0.3681858966356561,21.095497953463074,0.3681858966356561
1,42,Gradual,Speed,-0.038062416966813915,-2.1808158502655735,0.22943836862274256,13.145850180449964,0.22943836862274256
1,43,Gradual,Accuracy,-0.03507956008952088,-2.0099107403051115,0.11006575853882701,6.306303433180793,0.11006575853882701
1,44,Sudden,Speed,0.7744532386779327,44.37290200648334,1.5921069954072127,91.22101137008762,1.5921069954072127
1,45,Sudden,Accuracy,0.06938554311313376,3.9754987796055823,1.5096385187363688,86.4959157139752,1.5096385187363688
1,46,Gradual,Speed,-0.030632152078320655,-1.7550930314906672,0.11998876624571249,6.87484989486112,0.11998876624571249
1,47,Gradual,Accuracy,-0.024638523392954352,-1.4116834038506338,0.11323815809978831,6.48806853895303,0.11323815809978831
1,48,Sudden,Speed,0.5906574229595745,33.84217747365719,1.811142317121893,103.770810868629,1.811142317121893
1,49,Sudden,Accuracy,0.13708811590686942,7.854570462863864,0.8320937881047029,47.675462217452505,0.8320937881047029
1,50,Gradual,Speed,-0.010910026223585596,-0.6250984569885071,0.12051276332993414,6.904872716264181,0.12051276332993414
1,51,Gradual,Accuracy,-0.019160083228659967,-1.0977919041216084,0.10382828895804129,5.948922751360536,0.10382828895804129
1,52,Sudden,Speed,0.08783322209247549,5.032472926934068,0.5187549993762427,29.722472065570358,0.5187549993762427
1,53,Sudden,Accuracy,-0.0859609175969129,-4.925197781374961,0.3279437121244953,18.789790622586825,0.3279437121244953
1,54,Gradual,Speed,-0.046754048478738916,-2.678809652981787,0.11837533436464867,6.78240705754431,0.11837533436464867
1,55,Gradual,Accuracy,-0.043323295051896124,-2.4822419610736515,0.10602154188480767,6.074586887468965,0.10602154188480767
1,56,Sudden,Speed,1.3307540131761835,76.24658852509205,1.4052432135858903,80.51450532787243,1.4052432135858903
1,57,Sudden,Accuracy,-0.11600604954503328,-6.646657036915929,0.695772460339819,39.86482547890508,0.695772460339819
1,58,Gradual,Speed,-0.015180882363408936,-0.8698004887079187,0.18288089311197356,10.478303328899216,0.18288089311197356
1,59,Gradual,Accuracy,-0.020816038966514672,-1.1926711789611546,0.10083203040863584,5.777249782149614,0.10083203040863584
2,0,Sudden,Speed,-0.3111043999644288,-17.82496910591169,1.602299197286686,91.80498152172676,1.602299197286686
2,1,Sudden,Accuracy,0.724285860809114,41.49852298536202,0.8804038342294785,50.44342396848449,0.8804038342294785
2,2,Gradual,Speed,0.0010800681188088586,0.0618833447943819,0.1530308950358776,8.76802442066529,0.1530308950358776
2,3,Gradual,Accuracy,-0.10278170309958282,-5.888957798772788,0.1511619767618702,8.660943291309792,0.1511619767618702
2,4,Sudden,Speed,1.278267634146182,73.23934052474903,1.278267634146182,73.23934052474903,1.278267634146182
2,5,Sudden,Accuracy,0.10161250521449434,5.821967694541597,0.3546518077953797,20.320051783360128,0.3546518077953797
2,6,Gradual,Speed,-0.024905516566862903,-1.4269809858743965,0.10001156605386155,5.730240637380122,0.10001156605386155
2,7,Gradual,Accuracy,0.012922059335819795,0.7403794625600981,0.14370366496159737,8.23361350286154,0.14370366496159737
2,8,Sudden,Speed,-0.008820620338749582,-0.5053843180976051,0.30389715978250453,17.41202466155033,0.30389715978250453
2,9,Sudden,Accuracy,0.5648122558974339,32.361358480186006,1.077110555710414,61.71388891119745,1.077110555710414
2,10,Gradual,Speed,-0.02702970278608372,-1.5486878911356003,0.11796001948951612,6.7586112680302115,0.11796001948951612
2,11,Gradual,Accuracy,-0.03276666016734799,-1.8773913363284678,0.09432986641599674,5.404703227669461,0.09432986641599674
2,12,Sudden,Speed,1.18121126903678,67.6784204290995,2.212050529220415,126.74115939400996,2.212050529220415
2,13,Sudden,Accuracy,1.1670113683086387,66.86482604787227,1.6881675897146204,96.72487800142052,1.6881675897146204
2,14,Gradual,Speed,-0.09516611886624268,-5.452616963676027,0.1411737941411942,8.088662582139138,0.1411737941411942
2,15,Gradual,Accuracy,-0.017227365521706617,-0.9870553365229789,0.09239431954380806,5.293804560843302,0.09239431954380806
2,16,Sudden,Speed,1.0823439843887375,62.01374228684812,1.164180293139272,66.70261738918327,1.164180293139272
2,17,Sudden,Accuracy,0.04710088046242336,2.698681661847057,0.21836872135272575,12.511606111179487,0.21836872135272575
2,18,Gradual,Speed,0.01877429607315502,1.075687928320817,0.22246059348118224,12.746053114447259,0.22246059348118224
2,19,Gradual,Accuracy,-0.037174585162163994,-2.1299468349416504,0.10928879633352566,6.261786777975848,0.10928879633352566
2,20,Sudden,Speed,1.4310065077682028,81.99063335087287,1.4310065077682028,81.99063335087287,1.4310065077682028
2,21,Sudden,Accuracy,1.7242084160037756,98.78986523795325,1.8178214314829162,104.15349593240086,1.8178214314829162
2,22,Gradual,Speed,-0.07981375880678644,-4.572991526703969,0.16783837044189856,9.616430266674055,0.16783837044189856
2,23,Gradual,Accuracy,0.0317057434975618,1.8166052887346449,0.09551056446792734,5.472352242924401,0.09551056446792734
2,24,Sudden,Speed,1.379730007561246,79.05270630081256,1.4751504548512493,84.51989520978029,1.4751504548512493
2,25,Sudden,Accuracy,1.1451111629872643,65.61003671248757,1.1556649130235703,66.21472204760394,1.1556649130235703
2,26,Gradual,Speed,0.032751755243969005,1.8765373471248858,0.13372747474308067,7.662019907720837,0.13372747474308067
2,27,Gradual,Accuracy,-0.07955939595569306,-4.5584176088714035,0.15037620241234198,8.615921737432187,0.15037620241234198
2,28,Sudden,Speed,0.6507422671939345,37.284785460986974,1.122184554852483,64.2964388278143,1.122184554852483
2,29,Sudden,Accuracy,-0.3615143168711938,-20.713244590274492,1.5100389391475724,86.51885811356804,1.5100389391475724
2,30,Gradual,Speed,-0.026555184310991603,-1.5214999852118385,0.11265866680550372,6.45486613352595,0.11265866680550372
2,31,Gradual,Accuracy,0.06373440585142515,3.65171246506056,0.1012645079776677,5.8020289215892165,0.1012645079776677
2,32,Sudden,Speed,1.4901862752473445,85.38138425999325,1.54563890327188,88.558585808708,1.54563890327188
2,33,Sudden,Accuracy,0.7709921327829549,44.174595246253276,0.8941295717000456,51.22985079625254,0.8941295717000456
2,34,Gradual,Speed,-0.014158382916773895,-0.811215585861269,0.10841384214230618,6.211655595551689,0.10841384214230618
2,35,Gradual,Accuracy,0.012450803028780327,0.7133784650978154,0.07689594592279657,4.405813163042456,0.07689594592279657
2,36,Sudden,Speed,0.9035343469735166,51.76870472669143,0.9164349378401236,52.50785413657303,0.9164349378401236
2,37,Sudden,Accuracy,-0.5998827558859408,-34.370750114941046,0.8883059172535044,50.89617997512314,0.8883059172535044
2,38,Gradual,Speed,-0.038446119567368736,-2.20280038986556,0.15591035339652506,8.933005232014049,0.15591035339652506
2,39,Gradual,Accuracy,-0.060897715079132844,-3.489182056024504,0.10779050429090173,6.175940967455462,0.10779050429090173
2,40,Sudden,Speed,0.266928064558192,15.293851532779971,1.89603617050287,108.6348703739614,1.89603617050287
2,41,Sudden,Accuracy,-0.060801119457107165,-3.4836475345629925,0.1902289677207785,10.89931699153098,0.1902289677207785
2,42,Gradual,Speed,0.08529007794550494,4.886761500619257,0.22332987740876295,12.795859414696189,0.22332987740876295
2,43,Gradual,Accuracy,-0.05920218518282116,-3.3920353489275916,0.09886851684500501,5.664748741936875,0.09886851684500501
2,44,Sudden,Speed,1.4446635353798662,82.77312339371483,1.6062299649974183,92.03019792179802,1.6062299649974183
2,45,Sudden,Accuracy,-0.023614742297090756,-1.3530250679123699,1.376302128994762,78.85630332626967,1.376302128994762
2,46,Gradual,Speed,-0.015349587259734242,-0.8794665672505513,0.09865286751776396,5.652392945631128,0.09865286751776396
2,47,Gradual,Accuracy,-0.06801244264817931,-3.8968259181162392,0.12940035227840904,7.414094053058906,0.12940035227840904
2,48,Sudden,Speed,0.9756679107945061,55.901653494871695,1.5852877415502709,90.83029690465656,1.5852877415502709
2,49,Sudden,Accuracy,0.4557068098584741,26.110076900261262,0.6419055223808144,36.77847727856108,0.6419055223808144
2,50,Gradual,Speed,-0.027627046531344797,-1.582913166657598,0.12240604466208131,7.013349746027121,0.12240604466208131
2,51,Gradual,Accuracy,-0.009569585673093541,-0.5482968707571194,0.10601946678455683,6.074467992982526,0.10601946678455683
2,52,Sudden,Speed,0.12038449735227946,6.897523617089446,0.4217802385914201,24.166227553309266,0.4217802385914201
2,53,Sudden,Accuracy,0.07581461083319607,4.343857226168946,0.21406472408392418,12.265005232641325,0.21406472408392418
2,54,Gradual,Speed,0.02964706748891741,1.6986518420544834,0.14926821217387792,8.552438573026501,0.14926821217387792
2,55,Gradual,Accuracy,-0.039844678434330635,-2.2829319103430756,0.11197834227938984,6.415886409480387,0.11197834227938984
2,56,Sudden,Speed,1.3315661140530195,76.29311847787363,1.5401010079797484,88.2412877810835,1.5401010079797484
2,57,Sudden,Accuracy,-0.1151047298849961,-6.595015224403632,0.6057524755838801,34.707060280557776,0.6057524755838801
2,58,Gradual,Speed,-0.00825605834359091,-0.47303729850152865,0.13567283425093862,7.773480797156746,0.13567283425093862
2,59,Gradual,Accuracy,0.007217024541270756,0.41350504685715317,0.09254484942738528,5.302429287862872,0.09254484942738528
3,0,Sudden,Speed,-0.4392263724116644,-25.165817390029705,1.6425335326668484,94.11023913052395,1.6425335326668484
3,1,Sudden,Accuracy,0.6284905124061589,36.009853824887415,0.7200000532863413,41.25296430250174,0.7200000532863413
3,2,Gradual,Speed,0.07765591918545756,4.449356423535716,0.21127666586191188,12.105261263483271,0.21127666586191188
3,3,Gradual,Accuracy,-0.0640025745969606,-3.6670774023770587,0.12284364217518652,7.03842223665347,0.12284364217518652
3,4,Sudden,Speed,1.246720528190017,71.43182449760876,1.246720528190017,71.43182449760876,1.246720528190017
3,5,Sudden,Accuracy,-0.05578880383669175,-3.196463003925692,0.18317838955760296,10.495348619653923,0.18317838955760296
3,6,Gradual,Speed,-0.03257642217560758,-1.8664915022986979,0.09023505412860988,5.170087765703883,0.09023505412860988
3,7,Gradual,Accuracy,-0.033631266715166405,-1.9269296424578395,0.10930999512748861,6.263001379400693,0.10930999512748861
3,8,Sudden,Speed,0.07376846225406826,4.2266215483282314,0.29741279677042587,17.040498028127484,0.29741279677042587
3,9,Sudden,Accuracy,0.48429171048183484,27.74787106378071,1.327621244145454,76.06709408144197,1.327621244145454
3,10,Gradual,Speed,-0.015200444760753424,-0.8709213315129162,0.13981062917631845,8.01055898287166,0.13981062917631845
3,11,Gradual,Accuracy,0.12899736065182196,7.391004333676354,0.15322438899553767,8.779110807915085,0.15322438899553767
3,12,Sudden,Speed,0.8039533815623187,46.06313568879155,1.82746242377899,104.70588410128401,1.82746242377899
3,13,Sudden,Accuracy,1.3900181902403208,79.64217574718313,1.4424851268574785,82.64830977932667,1.4424851268574785
3,14,Gradual,Speed,0.02971964186387302,1.7028100474402397,0.12646286968575884,7.245788698106903,0.12646286968575884
3,15,Gradual,Accuracy,0.02352570580216888,1.3479236525307106,0.09456708331905307,5.418294755043753,0.09456708331905307
3,16,Sudden,Speed,0.8216742320826449,47.078465632988454,1.0221498327853755,58.56487144860485,1.0221498327853755
3,17,Sudden,Accuracy,-0.03438093739400003,-1.969882608379713,0.13451464710939015,7.7071215620596965,0.13451464710939015
3,18,Gradual,Speed,0.07227432810321566,4.141013967458014,0.24897608371525218,14.265278796579818,0.24897608371525218
3,19,Gradual,Accuracy,-0.015223016642641965,-0.8722146050807971,0.11669320255305338,6.686028004155204,0.11669320255305338
3,20,Sudden,Speed,1.154313064630298,66.1372668401279,1.154313064630298,66.1372668401279,1.154313064630298
3,21,Sudden,Accuracy,1.6014509920927564,91.75638294395353,1.6014509920927564,91.75638294395353,1.6014509920927564
3,22,Gradual,Speed,0.055578151483281414,3.1843935131307806,0.32587506854859694,18.671266076370998,0.32587506854859694
3,23,Gradual,Accuracy,-0.04732587487129372,-2.7115728918893693,0.08964555782844695,5.13631211566597,0.08964555782844695
3,24,Sudden,Speed,1.3301901648914256,76.21428239808974,1.3301901648914256,76.21428239808974,1.3301901648914256
3,25,Sudden,Accuracy,0.6774125428720404,38.81287969579286,0.6866702573695925,39.34330766443966,0.6866702573695925
3,26,Gradual,Speed,0.09750534019223243,5.5866444730022335,0.15573890256274028,8.923181822844182,0.15573890256274028
3,27,Gradual,Accuracy,-0.09321619677854123,-5.340894657671394,0.14151125874273576,8.107997879542532,0.14151125874273576
3,28,Sudden,Speed,0.20772553223427598,11.90179629413275,0.42372126872307897,24.27744038776104,0.42372126872307897
3,29,Sudden,Accuracy,-0.7814225935989586,-44.77221662938687,1.5828350307356622,90.68976692661337,1.5828350307356622
3,30,Gradual,Speed,-0.029749107896277254,-1.7044983267359985,0.15684650398358502,8.986642709641277,0.15684650398358502
3,31,Gradual,Accuracy,0.08332840035278406,4.774365653790968,0.15147437885595758,8.678842612812046,0.15147437885595758
3,32,Sudden,Speed,1.1771358285169649,67.44491488765749,1.1877666096136836,68.05401377742695,1.1877666096136836
3,33,Sudden,Accuracy,0.6178619112477168,35.400879836380824,0.8507308131952388,48.74328509781963,0.8507308131952388
3,34,Gradual,Speed,0.0015305488502718786,0.08769398945917921,0.11216287408068464,6.4264593028805255,0.11216287408068464
3,35,Gradual,Accuracy,0.027288885736009478,1.5635379802880969,0.07493896438004537,4.293686380057812,0.07493896438004537
3,36,Sudden,Speed,0.8465647774614647,48.50458883297369,1.097507436190224,62.882544077923335,1.097507436190224
3,37,Sudden,Accuracy,0.041511812486370245,2.3784516554074884,0.39440058460264676,22.59748893522402,0.39440058460264676
3,38,Gradual,Speed,0.029779562460667056,1.706243244742443,0.1553629157174713,8.901639363457829,0.1553629157174713
3,39,Gradual,Accuracy,-0.06056062437685635,-3.469868181470961,0.12527391297143675,7.177666496352506,0.12527391297143675
3,40,Sudden,Speed,0.44064952661385304,25.247358119411423,1.9881223664610226,113.9110207537782,1.9881223664610226
3,41,Sudden,Accuracy,-0.14622544667404686,-8.378100951838167,0.2356322984990754,13.500736220963825,0.2356322984990754
3,42,Gradual,Speed,0.23172091297849284,13.276630338585862,0.30668943728443515,17.57201037764029,0.30668943728443515
3,43,Gradual,Accuracy,0.004586523439697719,0.26278843573250477,0.11706438107240223,6.707294966759808,0.11706438107240223
3,44,Sudden,Speed,1.4524869646132894,83.22137287010924,1.5579249113913105,89.26252222101483,1.5579249113913105
3,45,Sudden,Accuracy,-0.02616744813539492,-1.499284338785602,1.3013538118408012,74.56208107173977,1.3013538118408012
3,46,Gradual,Speed,-0.06655491293988716,-3.813315617316164,0.16265214211201462,9.319281271780525,0.16265214211201462
3,47,Gradual,Accuracy,-0.036399618953017986,-2.0855445418923315,0.14192560497480164,8.131738169897057,0.14192560497480164
3,48,Sudden,Speed,1.3643947941649162,78.17406329527037,1.646578437018253,94.34199507839354,1.646578437018253
3,49,Sudden,Accuracy,0.004853446461264317,0.2780819983231494,0.17899006315182212,10.255375193379484,0.17899006315182212
3,50,Gradual,Speed,-0.04891930293503322,-2.802869594899345,0.12495401494277886,7.159337689435853,0.12495401494277886
3,51,Gradual,Accuracy,-0.027805432139476085,-1.5931339091293955,0.0976081503990533,5.592535063943938,0.0976081503990533
3,52,Sudden,Speed,0.2008762979715248,11.509364077980708,0.49111598513687105,28.13887319975238,0.49111598513687105
3,53,Sudden,Accuracy,-0.04082683399842468,-2.3392052789909545,0.21486823882273248,12.311043235951598,0.21486823882273248
3,54,Gradual,Speed,0.018697578213538707,1.0712923187515253,0.1641289664489709,9.403897073370326,0.1641289664489709
3,55,Gradual,Accuracy,-0.06924346871717142,-3.967358516340067,0.11518357956430166,6.599532978243805,0.11518357956430166
3,56,Sudden,Speed,1.420348611674159,81.3799808861952,1.4662886566809656,84.01215157572626,1.4662886566809656
3,57,Sudden,Accuracy,0.02362915386722393,1.3538507900571595,0.16668553741836697,9.55037779994239,0.16668553741836697
3,58,Gradual,Speed,0.040425772116831245,2.316226125852074,0.12332462759258239,7.065980671077591,0.12332462759258239
3,59,Gradual,Accuracy,0.03947337313078835,2.261657683539278,0.11171123793339825,6.400582457765466,0.11171123793339825
4,0,Sudden,Speed,-0.34929486344397104,-20.013121480937965,1.6112853627142347,92.31985087473167,1.6112853627142347
4,1,Sudden,Accuracy,0.6611515384269075,37.88119277044327,0.6649129501083599,38.0967057848017,0.6649129501083599
4,2,Gradual,Speed,0.0842650508199561,4.828031772438881,0.1768180541095751,10.130928242194477,0.1768180541095751
4,3,Gradual,Accuracy,-0.08970187340212238,-5.139538760358429,0.16932530789539416,9.701625507159283,0.16932530789539416
4,4,Sudden,Speed,0.9730374178874829,55.75093735326016,1.0444917141187011,59.84496695538652,1.0444917141187011
4,5,Sudden,Accuracy,-0.01607870245461175,-0.9212417906958908,0.15189530285870653,8.702959781665314,0.15189530285870653
4,6,Gradual,Speed,0.024816664165271844,1.4218901182636265,0.11117150509783964,6.36965804422333,0.11117150509783964
4,7,Gradual,Accuracy,-0.05670630765424821,-3.2490321003588187,0.13238530800366993,7.585119418149767,0.13238530800366993
4,8,Sudden,Speed,0.0661720152590212,3.791377196217198,0.15478943252475594,8.868781196893552,0.15478943252475594
4,9,Sudden,Accuracy,0.22514679704319873,12.89996124146381,0.6220053122376125,35.63827922593217,0.6220053122376125
4,10,Gradual,Speed,0.05753483934871546,3.296503469644614,0.1925039760134205,11.029665365056632,0.1925039760134205
4,11,Gradual,Accuracy,0.17250941187974875,9.884061226993591,0.21540482939656355,12.34178761115862,0.21540482939656355
4,12,Sudden,Speed,0.98331253440428,56.339658163677804,2.1357083007614728,122.36707190468906,2.1357083007614728
4,13,Sudden,Accuracy,1.2888463673641262,73.84545729073207,1.3525427227983855,77.49498962748032,1.3525427227983855
4,14,Gradual,Speed,0.0771853612490584,4.42239543976366,0.11399012302646634,6.531152955593546,0.11399012302646634
4,15,Gradual,Accuracy,-0.002990501470549834,-0.17134311289017157,0.08265561480260399,4.735817881248264,0.08265561480260399
4,16,Sudden,Speed,1.0625719437458303,60.880887805648406,1.266210230401173,72.54850217827479,1.266210230401173
4,17,Sudden,Accuracy,-0.06669623854971107,-3.821412978296188,0.1355478388602533,7.766319088811886,0.1355478388602533
4,18,Gradual,Speed,0.06106181359948256,3.498584208664884,0.2800636259848045,16.046463764059713,0.2800636259848045
4,19,Gradual,Accuracy,0.008732274602701654,0.5003224802840824,0.08415956634131447,4.821987957008581,0.08415956634131447
4,20,Sudden,Speed,0.34246049730510747,19.62154114553396,0.44677084930483413,25.598084074642305,0.44677084930483413
4,21,Sudden,Accuracy,1.4328147115672814,82.0942357970596,1.5236834869728844,87.30063311732283,1.5236834869728844
4,22,Gradual,Speed,0.21782564123297743,12.480489912380447,0.33691048059906864,19.303548612050836,0.33691048059906864
4,23,Gradual,Accuracy,-0.06405288942788039,-3.6699602298356773,0.1467967701547319,8.410835376018145,0.1467967701547319
4,24,Sudden,Speed,0.6796241143907802,38.93959340990798,0.9421220902621152,53.9796195580624,0.9421220902621152
4,25,Sudden,Accuracy,0.4080841541482884,23.381499718863033,0.5621903043853486,32.211131724455576,0.5621903043853486
4,26,Gradual,Speed,0.10332351394356203,5.920001273427217,0.17335067926315068,9.932262297504536,0.17335067926315068
4,27,Gradual,Accuracy,-0.10499170055334531,-6.015581325608038,0.1529120083626154,8.761212716047014,0.1529120083626154
4,28,Sudden,Speed,-0.07481718873804893,-4.286709149723918,0.19510504872412468,11.178695853586634,0.19510504872412468
4,29,Sudden,Accuracy,-0.08218349139999283,-4.7087672028692875,1.1442551036909856,65.56098812779786,1.1442551036909856
4,30,Gradual,Speed,0.14098688103904053,8.077953250250035,0.18540984383774892,10.623201532082689,0.18540984383774892
4,31,Gradual,Accuracy,0.1259759978854921,7.217892998787682,0.1488137737438109,8.526401168935111,0.1488137737438109
4,32,Sudden,Speed,1.1673240830533156,66.88274328293377,1.2264788093261214,70.27205943661718,1.2264788093261214
4,33,Sudden,Accuracy,0.4554529272437891,26.095530497948065,0.5647271652285367,32.356483143982246,0.5647271652285367
4,34,Gradual,Speed,-0.009497445882727601,-0.5441635652341923,0.1143919052273391,6.5541733799870325,0.1143919052273391
4,35,Gradual,Accuracy,0.06787021697384768,3.888676987238635,0.10240677707934837,5.867476120183719,0.10240677707934837
4,36,Sudden,Speed,0.2931169524294067,16.794364277941927,0.46538411006396513,26.664545359116985,0.46538411006396513
4,37,Sudden,Accuracy,0.08820724803143068,5.053903034664616,0.3665597754786639,21.00232807419049,0.3665597754786639
4,38,Gradual,Speed,0.1246752515509667,7.1433657236022645,0.260918516865415,14.949529813201272,0.260918516865415
4,39,Gradual,Accuracy,-0.006566141038982902,-0.37621216922136574,0.10818761465818777,6.198693715501842,0.10818761465818777
4,40,Sudden,Speed,0.6890326952673624,39.478665385343646,2.068689203501661,118.52716048492506,2.068689203501661
4,41,Sudden,Accuracy,-0.10791627428219148,-6.18314705714576,0.19845198393375468,11.370461115402167,0.19845198393375468
4,42,Gradual,Speed,0.2797928212567007,16.030947796067174,0.40453309226763395,23.178038860311744,0.40453309226763395
4,43,Gradual,Accuracy,0.05867536010573446,3.361850495468869,0.15353215642804532,8.796744582869353,0.15353215642804532
4,44,Sudden,Speed,1.4249069641042627,81.64115524197334,1.5817709638020054,90.62880038219542,1.5817709638020054
4,45,Sudden,Accuracy,-0.2679059343913447,-15.349879347132788,1.374131232286679,78.73192010713768,1.374131232286679
4,46,Gradual,Speed,-0.022026295868230426,-1.2620137915560476,0.19291868274623403,11.053426310582507,0.19291868274623403
4,47,Gradual,Accuracy,-0.028089404682390292,-1.609404337335976,0.1869297407876727,10.71028521260813,0.1869297407876727
4,48,Sudden,Speed,1.1324777795054153,64.88619715800733,1.5885989162752692,91.02001324162936,1.5885989162752692
4,49,Sudden,Accuracy,-0.02013241833688571,-1.1535026020953396,0.10289849253493767,5.895649340510339,0.10289849253493767
4,50,Gradual,Speed,-0.01889348798867018,-1.082517122031917,0.15450318252595183,8.852380280076453,0.15450318252595183
4,51,Gradual,Accuracy,0.05033297462917474,2.883867016590762,0.16917274880162605,9.692884514960031,0.16917274880162605
4,52,Sudden,Speed,-0.20607833943222711,-11.807419098531023,0.3143264640415802,18.00957977885318,0.3143264640415802
4,53,Sudden,Accuracy,-0.12849888381852353,-7.362443714943305,0.21323116984245516,12.217246092609921,0.21323116984245516
4,54,Gradual,Speed,0.19810386451781284,11.350515342102138,0.24545986683226934,14.063814409332254,0.24545986683226934
4,55,Gradual,Accuracy,-0.0054919052991127095,-0.31466299512469065,0.10846627269492162,6.214659644934093,0.10846627269492162
4,56,Sudden,Speed,1.2617286304765463,72.29172541712752,1.381543479124425,79.15661056764971,1.381543479124425
4,57,Sudden,Accuracy,-0.07783440736200492,-4.459583042744866,0.15777582359587614,9.039888801244294,0.15777582359587614
4,58,Gradual,Speed,0.19956603433907613,11.434291501791922,0.23572631551557777,13.506122999211822,0.23572631551557777
4,59,Gradual,Accuracy,0.13938530467693602,7.986189684133531,0.16626300118606982,9.526168257140403,0.16626300118606982
5,0,Sudden,Speed,0.1895585815402802,10.860906692744532,1.7189375016792896,98.48786409298515,1.7189375016792896
5,1,Sudden,Accuracy,0.23020061339978135,13.189523589130177,0.4107748983104368,23.535668003103602,0.4107748983104368
5,2,Gradual,Speed,0.17357127858832477,9.944901707800442,0.26588861212630444,15.234295295428206,0.26588861212630444
5,3,Gradual,Accuracy,0.05029633002483345,2.8817674354200795,0.17882404554649486,10.245863085269363,0.17882404554649486
5,4,Sudden,Speed,1.0115530450823718,57.95772023682659,1.0134197829298577,58.06467643694487,1.0134197829298577
5,5,Sudden,Accuracy,-0.016121513861518753,-0.9236947036266786,0.17024726235410984,9.75444960654696,0.17024726235410984
5,6,Gradual,Speed,0.12052528927595992,6.905590400105866,0.14656003294164555,8.397271332854608,0.14656003294164555
5,7,Gradual,Accuracy,-0.026493402706080128,-1.5179601599988661,0.11169201237879561,6.399480914627937,0.11169201237879561
5,8,Sudden,Speed,0.037932036006614586,2.173345571517289,0.16241137695075952,9.30548644418682,0.16241137695075952
5,9,Sudden,Accuracy,0.01441358894993397,0.8258378144676166,0.26786958489888896,15.34779667462763,0.26786958489888896
5,10,Gradual,Speed,0.06259578628880215,3.5864743696512296,0.17374619079025333,9.95492343875629,0.17374619079025333
5,11,Gradual,Accuracy,0.06927473100974492,3.9691497137624316,0.14374944672967016,8.236236604950756,0.14374944672967016
5,12,Sudden,Speed,1.1005118627408688,63.05468503913234,2.3659566936024463,135.55933305414703,2.3659566936024463
5,13,Sudden,Accuracy,1.198910169171713,68.69249270885469,1.2944106482923872,74.16426710394656,1.2944106482923872
5,14,Gradual,Speed,0.1424281915725763,8.160534260789381,0.19122839643946576,10.956580039035929,0.19122839643946576
5,15,Gradual,Accuracy,0.01714200394718991,0.9821644785705802,0.13127615814762625,7.521569812550922,0.13127615814762625
5,16,Sudden,Speed,1.3169815396091535,75.45748391624575,1.4160906409723308,81.13601713569008,1.4160906409723308
5,17,Sudden,Accuracy,-0.08722393124984544,-4.997563133155396,0.14873557692211686,8.521920821080705,0.14873557692211686
5,18,Gradual,Speed,0.1439145908580107,8.245698666516034,0.2709507667512174,15.524335390678347,0.2709507667512174
5,19,Gradual,Accuracy,0.03422769537622106,1.9611024875169094,0.15096582756594287,8.649704770228272,0.15096582756594287
5,20,Sudden,Speed,0.1321615043375912,7.572296412643897,0.4083973399309581,23.39944394241351,0.4083973399309581
5,21,Sudden,Accuracy,1.656259082020945,94.8966551800122,1.656259082020945,94.8966551800122,1.656259082020945
5,22,Gradual,Speed,0.21300176797522435,12.204102333805173,0.29111599586418463,16.67971791176571,0.29111599586418463
5,23,Gradual,Accuracy,0.1250830195003978,7.16672910612537,0.19290847816403212,11.052841631090644,0.19290847816403212
5,24,Sudden,Speed,0.9124797549709988,52.28123885096973,0.9498274472462419,54.42110399289451,0.9498274472462419
5,25,Sudden,Accuracy,0.4621788345377258,26.480896599286893,0.571852970981683,32.76476173926757,0.571852970981683
5,26,Gradual,Speed,0.24066063779744898,13.788838840720404,0.2782016552689073,15.93978070046185,0.2782016552689073
5,27,Gradual,Accuracy,-0.014779914350041199,-0.846826713822202,0.15747249043773284,9.022509091496307,0.15747249043773284
5,28,Sudden,Speed,0.03767310485281375,2.1585099092200477,0.2126672260883399,12.184934495616353,0.2126672260883399
5,29,Sudden,Accuracy,-0.7181334276119772,-41.14601452942991,1.0382054626444348,59.48479127695316,1.0382054626444348
5,30,Gradual,Speed,0.15276027282486773,8.752518910131924,0.20363760321343624,11.66757521428959,0.20363760321343624
5,31,Gradual,Accuracy,0.16938398083760783,9.704987219119742,0.2168804074808528,12.426332007730393,0.2168804074808528
5,32,Sudden,Speed,1.112696354056447,63.75280496702877,1.198540803960467,68.67132964115135,1.198540803960467
5,33,Sudden,Accuracy,0.5157909822126894,29.552646391694417,0.6464238382445799,37.03735770806185,0.6464238382445799
5,34,Gradual,Speed,0.03377673261915754,1.9352642248195853,0.14751148555734023,8.451785552140596,0.14751148555734023
5,35,Gradual,Accuracy,0.030600797191413925,1.7532965288038016,0.15368671499319356,8.805600136339944,0.15368671499319356
5,36,Sudden,Speed,0.005750617083403617,0.3294860884748583,0.12502485127216922,7.163396312146119,0.12502485127216922
5,37,Sudden,Accuracy,-0.16870997047062367,-9.666369269743482,0.29568986658323887,16.941781400005983,0.29568986658323887
5,38,Gradual,Speed,0.11142758650732984,6.384330428198878,0.32150488405598215,18.42087294925065,0.32150488405598215
5,39,Gradual,Accuracy,0.04893036572277762,2.803503445946748,0.14305865285358862,8.1966570313378,0.14305865285358862
5,40,Sudden,Speed,1.2092943298879861,69.2874612916827,2.252812227374836,129.07663266404447,2.252812227374836
5,41,Sudden,Accuracy,-0.09811978609578267,-5.621849630014766,0.22037101634929132,12.626329163822858,0.22037101634929132
5,42,Gradual,Speed,0.2698780560893052,15.462873597112099,0.5262983640170805,30.154675022818587,0.5262983640170805
5,43,Gradual,Accuracy,0.09788547460685447,5.6084245706077525,0.18903139784318335,10.830701291872781,0.18903139784318335
5,44,Sudden,Speed,1.3440614946782323,77.00905105110786,1.451979579384426,83.19230183790808,1.451979579384426
5,45,Sudden,Accuracy,0.10763947706708987,6.167287744939464,1.3708501567033775,78.54392832395106,1.3708501567033775
5,46,Gradual,Speed,0.1300074333742329,7.448877237671789,0.20527876425925837,11.761606815716474,0.20527876425925837
5,47,Gradual,Accuracy,-0.0215054252688339,-1.2321701045381768,0.13134541426451346,7.525537895754024,0.13134541426451346
5,48,Sudden,Speed,0.033985666375800506,1.9472352472730423,0.601946643747334,34.48900217878716,0.601946643747334
5,49,Sudden,Accuracy,-0.0511590999818128,-2.9312005126456806,0.1252777979342473,7.177889088325116,0.1252777979342473
5,50,Gradual,Speed,0.015705850287587187,0.899878935143076,0.1243187937320814,7.122942195005699,0.1243187937320814
5,51,Gradual,Accuracy,-0.011954431719145285,-0.6849384839843462,0.13145480305569038,7.531805411814499,0.13145480305569038
5,52,Sudden,Speed,-0.08608693344332143,-4.932417957525937,0.23240228598168608,13.315670135942991,0.23240228598168608
5,53,Sudden,Accuracy,0.1285859376216983,7.367431530455782,0.277895876745073,15.922260881580407,0.277895876745073
5,54,Gradual,Speed,0.07828632086752915,4.485475779316364,0.212214572460281,12.158999353147294,0.212214572460281
5,55,Gradual,Accuracy,0.029228114844364116,1.6746476237057348,0.12435776524842795,7.125175098413582,0.12435776524842795
5,56,Sudden,Speed,1.3932098312938916,79.82504330927344,1.5394073800500223,88.2015458281578,1.5394073800500223
5,57,Sudden,Accuracy,-0.03176920611849704,-1.8202414290710727,0.09108654074989929,5.218874355415621,0.09108654074989929
5,58,Gradual,Speed,0.07844363564018578,4.4944892518446515,0.17967210128591263,10.294453099929846,0.17967210128591263
5,59,Gradual,Accuracy,0.15209282626105727,8.714277038975077,0.16127719275338187,9.240502476486649,0.16127719275338187
6,0,Sudden,Speed,-0.37674970808902575,-21.586168206286946,1.6015575602088403,91.76248884723577,1.6015575602088403
6,1,Sudden,Accuracy,0.2851345389707312,16.337005676431396,0.3100766324678182,17.766082366035178,0.3100766324678182
6,2,Gradual,Speed,0.24643430677820397,14.119645705623265,0.28659832760638987,16.42087458735385,0.28659832760638987
6,3,Gradual,Accuracy,0.03377943689514509,1.9354191684203117,0.17340451347537925,9.935346770658644,0.17340451347537925
6,4,Sudden,Speed,1.1131510327623635,63.778856137912264,1.1131510327623635,63.778856137912264,1.1131510327623635
6,5,Sudden,Accuracy,0.09166291507489766,5.251898171657726,0.19131803315688448,10.961715844633428,0.19131803315688448
6,6,Gradual,Speed,0.14278114138960044,8.18075679568478,0.1740258126549987,9.970944591465779,0.1740258126549987
6,7,Gradual,Accuracy,0.04695097692455711,2.690092821793241,0.10762285073453669,6.166335126255387,0.10762285073453669
6,8,Sudden,Speed,-0.027442551756120263,-1.5723423946950177,0.1853395322200083,10.619172973135415,0.1853395322200083
6,9,Sudden,Accuracy,-0.0791350925430574,-4.534106814094382,0.22843950806366684,13.088619686092848,0.22843950806366684
6,10,Gradual,Speed,0.10133517264684115,5.806077708893542,0.18949544432391813,10.857289196716781,0.18949544432391813
6,11,Gradual,Accuracy,0.15553370810035766,8.911425046170198,0.22857216181742807,13.096220186319934,0.22857216181742807
6,12,Sudden,Speed,0.94617162699768,54.21164092199344,2.4576197203550993,140.81123762446882,2.4576197203550993
6,13,Sudden,Accuracy,0.9704443737079078,55.60236686567955,0.9704443737079078,55.60236686567955,0.9704443737079078
6,14,Gradual,Speed,0.6868043033558476,39.35098793371275,0.8616605952415805,49.36951548007287,0.8616605952415805
6,15,Gradual,Accuracy,0.0959884160637257,5.499731122597237,0.1780790260386254,10.203176611813529,0.1780790260386254
6,16,Sudden,Speed,1.198389500235274,68.66266057627318,1.3987746496606723,80.14388391544686,1.3987746496606723
6,17,Sudden,Accuracy,-0.017347720991871412,-0.9939511970047349,0.13839641699262586,7.929530593410094,0.13839641699262586
6,18,Gradual,Speed,0.11715765520304328,6.71263918078329,0.22248214057308358,12.747287671873986,0.22248214057308358
6,19,Gradual,Accuracy,0.021093878545084672,1.2085902141949094,0.14736813465869333,8.44357215065872,0.14736813465869333
6,20,Sudden,Speed,0.25742597950587004,14.74942216270758,0.3314836796783113,18.992615823033734,0.3314836796783113
6,21,Sudden,Accuracy,1.5181784313079054,86.98521666173494,1.5181784313079054,86.98521666173494,1.5181784313079054
6,22,Gradual,Speed,0.07739192589893588,4.434230722398235,0.35941489886907413,20.592956799319253,0.35941489886907413
6,23,Gradual,Accuracy,0.10149215749752173,5.81507227828503,0.19907230951000165,11.406003152845138,0.19907230951000165
6,24,Sudden,Speed,1.2637376813242294,72.40683555152694,1.2637376813242294,72.40683555152694,1.2637376813242294
6,25,Sudden,Accuracy,-0.02386699217823432,-1.3674779214845745,0.45898204467651654,26.297734032249394,0.45898204467651654
6,26,Gradual,Speed,0.25487646792776253,14.60334590946228,0.28480756147282316,16.318271245805516,0.28480756147282316
6,27,Gradual,Accuracy,-0.04047461333184327,-2.319024521338555,0.16973254742346527,9.724958613368656,0.16973254742346527
6,28,Sudden,Speed,-0.002116716731148993,-0.12127893511956511,0.3711413614786035,21.264833615463253,0.3711413614786035
6,29,Sudden,Accuracy,-0.27902120912446793,-15.986737677469147,1.071998071546839,61.420965145797126,1.071998071546839
6,30,Gradual,Speed,0.4012528685149443,22.99009588342406,0.40764505054742883,23.35634093576478,0.40764505054742883
6,31,Gradual,Accuracy,0.30304934947099516,17.36344870887317,0.3159715485538352,18.103836178347727,0.3159715485538352
6,32,Sudden,Speed,1.0871500288557305,62.289108350959026,1.1758627586054895,67.37197335470488,1.1758627586054895
6,33,Sudden,Accuracy,0.32333313232107247,18.52562385874244,0.4635992612858472,26.562281057061746,0.4635992612858472
6,34,Gradual,Speed,0.12458032065630942,7.137926583993,0.1755505111291948,10.058303379067251,0.1755505111291948
6,35,Gradual,Accuracy,0.03518530991665791,2.0159697590843004,0.12239535711672708,7.012737394784969,0.12239535711672708
6,36,Sudden,Speed,0.07993748635918747,4.5800805932660325,0.17494678431786864,10.023712380799372,0.17494678431786864
6,37,Sudden,Accuracy,-0.11265733139885051,-6.454789620360786,0.19372668774196006,11.099721586663094,0.19372668774196006
6,38,Gradual,Speed,0.10767228463516643,6.169167480126337,0.29991089508524715,17.183628518375485,0.29991089508524715
6,39,Gradual,Accuracy,0.09265102591784735,5.308512752649859,0.13426598744200055,7.692874412583146,0.13426598744200055
6,40,Sudden,Speed,0.8451916028723393,48.42591172448219,2.1747984257084036,124.60677108478724,2.1747984257084036
6,41,Sudden,Accuracy,-0.07023335205060825,-4.024074653556339,0.14298313384244804,8.192330110726445,0.14298313384244804
6,42,Gradual,Speed,0.169470247111853,9.709929912548306,0.44692060968251346,25.60666471222162,0.44692060968251346
6,43,Gradual,Accuracy,-0.005499591027498374,-0.31510335492367336,0.19927994107520738,11.417899565225122,0.19927994107520738
6,44,Sudden,Speed,1.1531034412641157,66.06796052644525,1.2564817469248293,71.99110113401753,1.2564817469248293
6,45,Sudden,Accuracy,0.09461662891317839,5.421133508480596,1.2940559905617615,74.14394671281002,1.2940559905617615
6,46,Gradual,Speed,0.32160092131526424,18.426375478883518,0.359507499238094,20.59826240964545,0.359507499238094
6,47,Gradual,Accuracy,0.08445321323094575,4.838812684451595,0.170097342377918,9.745859824646464,0.170097342377918
6,48,Sudden,Speed,0.037937457044466424,2.17365617410678,0.17795913601961794,10.196307419718657,0.17795913601961794
6,49,Sudden,Accuracy,-0.0035269286605732458,-0.2020781268945763,0.11172131723733768,6.401159959341626,0.11172131723733768
6,50,Gradual,Speed,0.09680487502953238,5.546510775483576,0.1836661347973774,10.523294363370594,0.1836661347973774
6,51,Gradual,Accuracy,0.061677612812143,3.5338669045778066,0.20671027815053808,11.84362652000115,0.20671027815053808
6,52,Sudden,Speed,0.05258557371934208,3.0129314373923597,0.2399052958054796,13.745560932491555,0.2399052958054796
6,53,Sudden,Accuracy,0.003218139628358022,0.18438581858871314,0.23372524079670196,13.391469863329911,0.23372524079670196
6,54,Gradual,Speed,0.02172776901311271,1.2449094626864874,0.16091819457970227,9.219933396281904,0.16091819457970227
6,55,Gradual,Accuracy,0.07766782273806214,4.4500384468611704,0.20108088786175363,11.52108621522187,0.20108088786175363
6,56,Sudden,Speed,1.3519648100627824,77.4618776668034,1.3628577557574288,78.08599748157185,1.3628577557574288
6,57,Sudden,Accuracy,0.00641248869156017,0.3674085382017659,0.09843132739523044,5.6396996316171455,0.09843132739523044
6,58,Gradual,Speed,0.1660271902829347,9.51265728762759,0.2303277430971731,13.196807584241501,0.2303277430971731
6,59,Gradual,Accuracy,0.15140572917100406,8.674909275599308,0.18602056923730806,10.65819351991887,0.18602056923730806
7,0,Sudden,Speed,0.2407871738720958,13.79608882375382,1.6391626454057098,93.9171015172463,1.6391626454057098
7,1,Sudden,Accuracy,0.13564408120199337,7.771833368804049,0.2811648325025509,16.109558249898882,0.2811648325025509
7,2,Gradual,Speed,0.2859128584426215,16.38160009728356,0.30422309924033236,17.430699616860647,0.30422309924033236
7,3,Gradual,Accuracy,0.17651244659939103,10.113418221673426,0.3522292277322863,20.181248170212342,0.3522292277322863
7,4,Sudden,Speed,1.18134354386676,67.68599921859318,1.181555760691305,67.69815834698126,1.181555760691305
7,5,Sudden,Accuracy,0.03166013026355021,1.8139918429358386,0.2294499551809924,13.146514041336765,0.2294499551809924
7,6,Gradual,Speed,0.18233597574256388,10.447081863448668,0.2114196549900052,12.113453937039274,0.2114196549900052
7,7,Gradual,Accuracy,0.0172837775049988,0.990287505079583,0.11395871376219847,6.5293533373133865,0.11395871376219847
7,8,Sudden,Speed,0.07587297694094731,4.347201357809697,0.21461129887959415,12.29632166162144,0.21461129887959415
7,9,Sudden,Accuracy,-0.08962590973781884,-5.135186362997486,0.2070531375810246,11.863270918334287,0.2070531375810246
7,10,Gradual,Speed,0.1543746364083378,8.845015130064375,0.20605362316166115,11.806002960542292,0.20605362316166115
7,11,Gradual,Accuracy,0.21840980211136074,12.513959865268468,0.329705927999406,18.890758154810165,0.329705927999406
7,12,Sudden,Speed,1.3957832479028056,79.97248921989308,2.0211944394774553,115.80591095736828,2.0211944394774553
7,13,Sudden,Accuracy,1.1316700519008875,64.83991777527169,1.2256527900646284,70.22473201913712,1.2256527900646284
7,14,Gradual,Speed,1.0700429186114617,61.3089431342974,1.097827757454582,62.90089713445935,1.097827757454582
7,15,Gradual,Accuracy,0.1420122063563403,8.136700063559221,0.19592559617944,11.225709759666401,0.19592559617944
7,16,Sudden,Speed,1.2115379225211786,69.41600968051127,1.4798655950625945,84.7900528437028,1.4798655950625945
7,17,Sudden,Accuracy,-0.11119525938773836,-6.371019064779855,0.14443881889913832,8.27573472077506,0.14443881889913832
7,18,Gradual,Speed,0.16191256649463423,9.276906710273844,0.2493045972057629,14.284101233099193,0.2493045972057629
7,19,Gradual,Accuracy,0.03092348700233796,1.7717852930616234,0.14567485865036858,8.346554581830954,0.14567485865036858
7,20,Sudden,Speed,0.12464784308669455,7.141795334276535,0.24028545765127945,13.767342601787789,0.24028545765127945
7,21,Sudden,Accuracy,1.3800515737621413,79.0711306869579,1.3800515737621413,79.0711306869579,1.3800515737621413
7,22,Gradual,Speed,0.3062915412667102,17.54921261513958,0.4166989780328928,23.87509276869936,0.4166989780328928
7,23,Gradual,Accuracy,-0.022711354422826065,-1.3012647554537091,0.24824768182117116,14.223544442259639,0.24824768182117116
7,24,Sudden,Speed,1.1381280531279188,65.20993398967087,1.2283197632079148,70.37753832432217,1.2283197632079148
7,25,Sudden,Accuracy,-0.014428611323553362,-0.8266985330742767,0.36038228704561254,20.648384058985762,0.36038228704561254
7,26,Gradual,Speed,0.37827972653084674,21.673831805580473,0.5002779082042309,28.663812723735653,0.5002779082042309
7,27,Gradual,Accuracy,0.045745892260523544,2.6210465565881766,0.14464481328556572,8.287537329720736,0.14464481328556572
7,28,Sudden,Speed,0.039616660682645286,2.269867455517441,0.2392702386970415,13.70917484042827,0.2392702386970415
7,29,Sudden,Accuracy,-0.45628601787313067,-26.143263074961236,0.9710864802889246,55.63915686276939,0.9710864802889246
7,30,Gradual,Speed,0.48962626443890883,28.053518491105862,0.4949752893891709,28.359995045266054,0.4949752893891709
7,31,Gradual,Accuracy,0.3528894235310908,20.219074603136104,0.3609155341182755,20.678936865687053,0.3609155341182755
7,32,Sudden,Speed,0.9776361359667555,56.01442449037299,0.9999818520713534,57.29473971336397,0.9999818520713534
7,33,Sudden,Accuracy,0.32953776012477526,18.881122845344137,0.4436369448577171,25.41852457642522,0.4436369448577171
7,34,Gradual,Speed,0.21642287642715563,12.400117409357373,0.2474497526581208,14.177826468866447,0.2474497526581208
7,35,Gradual,Accuracy,0.12884362711470781,7.382196050830094,0.20490812021380023,11.740370476210067,0.20490812021380023
7,36,Sudden,Speed,-0.005632207999987888,-0.3227017477391252,0.10885154965091817,6.236734388456343,0.10885154965091817
7,37,Sudden,Accuracy,-0.04244421627900635,-2.431874457527528,0.25245573224204343,14.46464797135387,0.25245573224204343
7,38,Gradual,Speed,0.3125168558547175,17.905896867173624,0.3795058093121548,21.744081174283085,0.3795058093121548
7,39,Gradual,Accuracy,0.09681708434050554,5.547210317473101,0.16368891828363166,9.378684170713912,0.16368891828363166
7,40,Sudden,Speed,0.7292498666198023,41.782939567792894,2.397519015075938,137.36772086621323,2.397519015075938
7,41,Sudden,Accuracy,-0.08403777198333455,-4.815009654327824,0.16857310468188455,9.658527437689004,0.16857310468188455
7,42,Gradual,Speed,-0.019056731229264982,-1.0918702707520351,0.43705406242692246,25.041353196109867,0.43705406242692246
7,43,Gradual,Accuracy,0.04674021191780219,2.6780168764371366,0.18012408908602676,10.32035009326779,0.18012408908602676
7,44,Sudden,Speed,1.4919777809642172,85.48402997654361,1.507207131730965,86.3566075002026,1.507207131730965
7,45,Sudden,Accuracy,-0.1226954295768499,-7.029930280298114,1.2632793889262344,72.3805773313389,1.2632793889262344
7,46,Gradual,Speed,0.2859223826973239,16.382145796881016,0.34417368249529734,19.719699426456156,0.34417368249529734
7,47,Gradual,Accuracy,0.1606628471362262,9.205303065461267,0.23092527813740502,13.23104382015797,0.23092527813740502
7,48,Sudden,Speed,0.14127760223958302,8.094610348056095,0.3200533778848735,18.337707771708935,0.3200533778848735
7,49,Sudden,Accuracy,-0.047697755884045755,-2.7328801044011106,0.15212089537537965,8.71588528076042,0.15212089537537965
7,50,Gradual,Speed,-0.02508103056331859,-1.4370371971167821,0.18200130839054549,10.427906836637197,0.18200130839054549
7,51,Gradual,Accuracy,0.0996363936883139,5.708744844244299,0.24812624533507105,14.216586644127203,0.24812624533507105
7,52,Sudden,Speed,-0.09198901035992095,-5.270582055208676,0.30095715700854175,17.243574910845506,0.30095715700854175
7,53,Sudden,Accuracy,-0.024389917134954593,-1.3974393145067072,0.14709596803497815,8.427978151795516,0.14709596803497815
7,54,Gradual,Speed,0.0712551541408963,4.082619600827489,0.29775035482523976,17.059838680008966,0.29775035482523976
7,55,Gradual,Accuracy,0.04035062550003688,2.3119205418650703,0.23279413876097818,13.338121646386899,0.23279413876097818
7,56,Sudden,Speed,1.2265169106310154,70.27424248058156,1.2383464746952713,70.95202657494303,1.2383464746952713
7,57,Sudden,Accuracy,0.0030600273625541858,0.175326653068904,0.10440814643916882,5.98214613774823,0.10440814643916882
7,58,Gradual,Speed,0.3831983153264977,21.955646184731606,0.39838331563922946,22.825682614555973,0.39838331563922946
7,59,Gradual,Accuracy,0.23987888404008978,13.744047649805228,0.24388920135809347,13.973821906635063,0.24388920135809347
8,0,Sudden,Speed,-0.25990099543661394,-14.891230129766846,1.641934827792275,94.07593586803698,1.641934827792275
8,1,Sudden,Accuracy,0.09218714168201804,5.281934143754189,0.3481776569426707,19.94911026356888,0.3481776569426707
8,2,Gradual,Speed,0.23001582461223474,13.178935971502417,0.35772668685642506,20.496229376071174,0.35772668685642506
8,3,Gradual,Accuracy,-0.09910477278262023,-5.6782852100471315,0.292472702625922,16.757451483250126,0.292472702625922
8,4,Sudden,Speed,1.0167033509499799,58.25281102624201,1.0167033509499799,58.25281102624201,1.0167033509499799
8,5,Sudden,Accuracy,0.014067534222078522,0.8060103390809509,0.14855913537906254,8.511811465332917,0.14855913537906254
8,6,Gradual,Speed,0.2542549565872843,14.567735932733363,0.26969517005978294,15.452394999488565,0.26969517005978294
8,7,Gradual,Accuracy,0.12043810707638895,6.900595228021782,0.18258005164908284,10.461066382773035,0.18258005164908284
8,8,Sudden,Speed,-0.051105361868884376,-2.928121545575884,0.1660763730172175,9.515475250726912,0.1660763730172175
8,9,Sudden,Accuracy,-0.011972991745643029,-0.6860018951703177,0.21838693284763325,12.512649552976313,0.21838693284763325
8,10,Gradual,Speed,0.3964659999259787,22.715828516192587,0.41659578154826093,23.869180045669367,0.41659578154826093
8,11,Gradual,Accuracy,0.3541536540172521,20.291509674324917,0.4112167502396572,23.560984253817644,0.4112167502396572
8,12,Sudden,Speed,1.3965279202332683,80.01515580154876,1.8278987850535053,104.7308857606567,1.8278987850535053
8,13,Sudden,Accuracy,0.78575433653207,45.020407217389774,0.8114921404392642,46.49507475520732,0.8114921404392642
8,14,Gradual,Speed,0.8744926658916423,50.104738970735106,0.8744926658916423,50.104738970735106,0.8744926658916423
8,15,Gradual,Accuracy,0.1317862050289004,7.550793346201738,0.23314572858318394,13.358266259319045,0.23314572858318394
8,16,Sudden,Speed,1.3517668032917907,77.45053271451057,1.5691188499551996,89.90388765685441,1.5691188499551996
8,17,Sudden,Accuracy,-0.03734495181190725,-2.139708124941723,0.13257538808968178,7.5960102048477305,0.13257538808968178
8,18,Gradual,Speed,0.26376617569415767,15.112688645581391,0.3729271464211169,21.367151555787284,0.3729271464211169
8,19,Gradual,Accuracy,0.02454493287047183,1.4063210619099609,0.1523820859024857,8.730850395612393,0.1523820859024857
8,20,Sudden,Speed,0.09842145428947814,5.639133944326851,0.2820952044763281,16.16286463737357,0.2820952044763281
8,21,Sudden,Accuracy,1.3390225560209947,76.72034113282284,1.3390225560209947,76.72034113282284,1.3390225560209947
8,22,Gradual,Speed,0.42309543140165456,24.241582550581647,0.6341062248938155,36.331610449389046,0.6341062248938155
8,23,Gradual,Accuracy,0.05034530319880097,2.8845733915977787,0.22166557862884692,12.700502118758228,0.22166557862884692
8,24,Sudden,Speed,1.0730910169240857,61.4835863031517,1.0730910169240857,61.4835863031517,1.0730910169240857
8,25,Sudden,Accuracy,-0.04676897431778049,-2.679664840564562,0.3157192303385341,18.089379409516702,0.3157192303385341
8,26,Gradual,Speed,0.23765400344977458,13.616571382059591,0.3263099809592498,18.69618472195927,0.3263099809592498
8,27,Gradual,Accuracy,0.16076774155724335,9.211313073080017,0.26173283766156136,14.99618695799019,0.26173283766156136
8,28,Sudden,Speed,-0.0006392661349889032,-0.03662725152050403,0.6731461124723715,38.56843124030552,0.6731461124723715
8,29,Sudden,Accuracy,-0.2257867557164516,-12.936628172503992,0.8743321663292503,50.09554302319634,0.8743321663292503
8,30,Gradual,Speed,0.6281134715636753,35.98825097590905,0.6320822380962889,36.21564454810058,0.6320822380962889
8,31,Gradual,Accuracy,0.2454351055973236,14.062395695074331,0.2566223597641567,14.703378143174012,0.2566223597641567
8,32,Sudden,Speed,1.0484002790666198,60.06891123085503,1.1154119607739859,63.90839777076112,1.1154119607739859
8,33,Sudden,Accuracy,0.34792827238199814,19.934821580766616,0.3809130986181012,21.82471291206771,0.3809130986181012
8,34,Gradual,Speed,0.4088437742033702,23.425022742052715,0.4126390812362819,23.642477816994877,0.4126390812362819
8,35,Gradual,Accuracy,0.18243127410358959,10.452542057329955,0.2642497537776595,15.140395628831076,0.2642497537776595
8,36,Sudden,Speed,0.03640288422742073,2.0857316283345613,0.13124370425606796,7.5197103415358555,0.13124370425606796
8,37,Sudden,Accuracy,-0.07705833796114485,-4.415117541466337,0.31226494089579115,17.891463203230938,0.31226494089579115
8,38,Gradual,Speed,0.18363447902589983,10.521480621267697,0.26719495686169364,15.309143335355143,0.26719495686169364
8,39,Gradual,Accuracy,0.21590491222113845,12.370440246413743,0.3022002193865363,17.314797138776093,0.3022002193865363
8,40,Sudden,Speed,1.427620602133086,81.79663524815112,2.333910701059504,133.72323293112873,2.333910701059504
8,41,Sudden,Accuracy,-0.03472850741315372,-1.9897969035625005,0.13149294559879113,7.533990818554067,0.13149294559879113
8,42,Gradual,Speed,0.28908739626858626,16.563487716615978,0.5073592622072585,29.069544421347203,0.5073592622072585
8,43,Gradual,Accuracy,0.03140375963272032,1.799302887798178,0.19044202755901046,10.911524421045412,0.19044202755901046
8,44,Sudden,Speed,1.1814642212539879,67.692913523564,1.4772404157276549,84.63964114734578,1.4772404157276549
8,45,Sudden,Accuracy,0.3203669681185036,18.35567516859246,1.394415265879594,79.89410962351329,1.394415265879594
8,46,Gradual,Speed,1.1060727065657407,63.37329792082888,1.1867868539874424,67.99787791508912,1.1867868539874424
8,47,Gradual,Accuracy,0.13500626049860437,7.735288934413791,0.2108692143583339,12.081916011971993,0.2108692143583339
8,48,Sudden,Speed,-0.036248478901617066,-2.0768848548316683,0.27640435371257005,15.836802906771434,0.27640435371257005
8,49,Sudden,Accuracy,0.02851333586290013,1.6336938047831888,0.11246564843015044,6.443806995249735,0.11246564843015044
8,50,Gradual,Speed,0.20829172633303325,11.934236826376758,0.3201729972364604,18.344561455702955,0.3201729972364604
8,51,Gradual,Accuracy,-0.031891123971001384,-1.82722680746687,0.24089381003201107,13.802198625660449,0.24089381003201107
8,52,Sudden,Speed,0.06433617092829211,3.6861910642234,0.21193251890770637,12.142838874988096,0.21193251890770637
8,53,Sudden,Accuracy,-0.03404686637125739,-1.950741748718941,0.10100238421390872,5.787010336215743,0.10100238421390872
8,54,Gradual,Speed,0.1491401486682515,8.545101074644457,0.39268424158614335,22.499149724181624,0.39268424158614335
8,55,Gradual,Accuracy,0.20164309007888498,11.553298029496393,0.2777765596881185,15.915424517792989,0.2777765596881185
8,56,Sudden,Speed,1.229586049955772,70.45009121062775,1.229586049955772,70.45009121062775,1.229586049955772
8,57,Sudden,Accuracy,0.010361926195059323,0.5936946386029506,0.10245957524489682,5.870501232235678,0.10245957524489682
8,58,Gradual,Speed,0.3306802900175507,18.946584986167704,0.586108123309703,33.58152180397921,0.586108123309703
8,59,Gradual,Accuracy,0.2427137963435023,13.906476160080475,0.25059357287837364,14.357954099034822,0.25059357287837364
9,0,Sudden,Speed,-0.10922377250222538,-6.258061186874569,1.6251951633521116,93.1168237451504,1.6251951633521116
9,1,Sudden,Accuracy,0.19541679495882638,11.196557597114134,0.3133468356969571,17.95345120921489,0.3133468356969571
9,2,Gradual,Speed,0.39906757379238933,22.86488771882945,0.4113214394337775,23.566982502801363,0.4113214394337775
9,3,Gradual,Accuracy,-0.022078590935689413,-1.2650100782107987,0.25388391917816966,14.546477055149623,0.25388391917816966
9,4,Sudden,Speed,1.0183445645887677,58.346845641023855,1.0237603252320977,58.657145868739725,1.0237603252320977
9,5,Sudden,Accuracy,0.0008128020364992705,0.04657012627104672,0.1793145279837914,10.273965658851745,0.1793145279837914
9,6,Gradual,Speed,0.3943411728455284,22.594084892287682,0.40573087547859316,23.246666783071337,0.40573087547859316
9,7,Gradual,Accuracy,0.09194733522583343,5.26819424591482,0.13491383334206888,7.7299932484319145,0.13491383334206888
9,8,Sudden,Speed,0.00703939854019818,0.40332782666390793,0.1845743904386814,10.575333578336261,0.1845743904386814
9,9,Sudden,Accuracy,-0.04787198742963199,-2.742862836621242,0.1945361964568666,11.146103019506297,0.1945361964568666
9,10,Gradual,Speed,0.7561968204549726,43.326886293282016,0.7626305950880271,43.69551442609436,0.7626305950880271
9,11,Gradual,Accuracy,0.3535486341059121,20.256844586883755,0.37604822662782045,21.545976279153212,0.37604822662782045
9,12,Sudden,Speed,1.3001377527112714,74.49240601597936,1.9311287425303771,110.64552664339641,1.9311287425303771
9,13,Sudden,Accuracy,0.5868250265769017,33.622597335508836,0.5868250265769017,33.622597335508836,0.5868250265769017
9,14,Gradual,Speed,1.1567596695976872,66.27744697889503,1.3407535601181284,76.81952036190845,1.3407535601181284
9,15,Gradual,Accuracy,0.248241588647883,14.223195329146385,0.28842934880094745,16.525784374001002,0.28842934880094745
9,16,Sudden,Speed,1.5118736863514532,86.62398138482385,1.543577791794044,88.44049281992204,1.543577791794044
9,17,Sudden,Accuracy,-0.07090892123211195,-4.0627819164256085,0.13696522851537044,7.847529533975602,0.13696522851537044
9,18,Gradual,Speed,0.3127476062720022,17.91911789220492,0.4482723055066982,25.68411117813286,0.4482723055066982
9,19,Gradual,Accuracy,-0.06873164123938157,-3.9380329620238816,0.2476828287252579,14.191180743818911,0.2476828287252579
9,20,Sudden,Speed,0.2234603970259516,12.803337637904763,0.29686461122242075,17.009089309836725,0.29686461122242075
9,21,Sudden,Accuracy,1.3635204050890113,78.12396449156869,1.4667114012096765,84.03637305303364,1.4667114012096765
9,22,Gradual,Speed,0.4111445114394596,23.556845275449234,0.6061507284815679,34.72987849077415,0.6061507284815679
9,23,Gradual,Accuracy,0.09881149035527027,5.661481364754627,0.22517380850234264,12.901508884071248,0.22517380850234264
9,24,Sudden,Speed,1.1665532629368087,66.83857854349415,1.1762077256584327,67.39173851090958,1.1762077256584327
9,25,Sudden,Accuracy,-0.14589385247289074,-8.35910200360091,0.20037459592972873,11.480618668412703,0.20037459592972873
9,26,Gradual,Speed,0.22940331470686473,13.143841739014759,0.32355391533267064,18.538273793495208,0.32355391533267064
9,27,Gradual,Accuracy,0.3651261524589616,20.920187525748744,0.4618727516256517,26.46335934024398,0.4618727516256517
9,28,Sudden,Speed,0.10361937379633682,5.936952794318573,0.5097754453303244,29.207981516829623,0.5097754453303244
9,29,Sudden,Accuracy,-0.37204992930253855,-21.31689071717611,0.9831214566054111,56.32871021224396,0.9831214566054111
9,30,Gradual,Speed,0.8807385436648753,50.46260140649592,0.8807385436648753,50.46260140649592,0.8807385436648753
9,31,Gradual,Accuracy,0.3483079870338207,19.95657762773533,0.3548158445463042,20.329450396873142,0.3548158445463042
9,32,Sudden,Speed,0.9376362433405713,53.722599461916175,1.0241705387216633,58.680649370391166,1.0241705387216633
9,33,Sudden,Accuracy,0.31317293596124085,17.94348748829991,0.4154317780511726,23.80248755794774,0.4154317780511726
9,34,Gradual,Speed,0.4119815122374436,23.6048018886228,0.5050600470422206,28.937809096198063,0.5050600470422206
9,35,Gradual,Accuracy,0.15887735781496695,9.103002062987434,0.3251271150726531,18.628411498927278,0.3251271150726531
9,36,Sudden,Speed,0.08153615355267906,4.6716774762991236,0.14462091807714347,8.286168235127557,0.14462091807714347
9,37,Sudden,Accuracy,-0.0667009931122021,-3.8216853946603546,0.14592521066679773,8.360898695764934,0.14592521066679773
9,38,Gradual,Speed,0.4218166475006032,24.16831363014213,0.5234440388088071,29.99113423502672,0.5234440388088071
9,39,Gradual,Accuracy,0.17773579764125375,10.183511073235094,0.24957430899782695,14.299554580469373,0.24957430899782695
9,40,Sudden,Speed,1.5297147654492633,87.64619991908742,2.1974731948997936,125.90593966088714,2.1974731948997936
9,41,Sudden,Accuracy,0.011231384451586432,0.6435109271647573,0.15296967874934292,8.764516985809388,0.15296967874934292
9,42,Gradual,Speed,0.5104518429462207,29.246736245493192,0.7681834032660197,44.01366689913907,0.7681834032660197
9,43,Gradual,Accuracy,-0.035227411739918106,-2.0183820158669157,0.18753572036826816,10.745005285047357,0.18753572036826816
9,44,Sudden,Speed,1.193177312408648,68.36402421177803,1.231942528823461,70.58510750425809,1.231942528823461
9,45,Sudden,Accuracy,0.45231188283562634,25.915561910097175,1.4640752204156346,83.8853310195016,1.4640752204156346
9,46,Gradual,Speed,1.0858631858898964,62.21537768012063,1.1502557931082877,65.90480230557809,1.1502557931082877
9,47,Gradual,Accuracy,0.2055675129456494,11.778150896786626,0.2654858244699269,15.21121726267781,0.2654858244699269
9,48,Sudden,Speed,-0.023873452138745737,-1.3678480499576986,0.20116446830315735,11.525875021764143,0.20116446830315735
9,49,Sudden,Accuracy,0.005139116580391701,0.2944496904821486,0.14826460595350313,8.49493617230595,0.14826460595350313
9,50,Gradual,Speed,0.28153002316436226,16.130482133538262,0.3968744515401557,22.739231069820242,0.3968744515401557
9,51,Gradual,Accuracy,0.05637072745504757,3.2298047712564633,0.31894292209030933,18.274083341344557,0.31894292209030933
9,52,Sudden,Speed,0.056045355541311695,3.211162333827301,0.17870751759331133,10.239186525356647,0.17870751759331133
9,53,Sudden,Accuracy,-0.010467516333554175,-0.5997445078969084,0.09901945254990863,5.673396720805685,0.09901945254990863
9,54,Gradual,Speed,0.09501684297732518,5.444064085257989,0.2553830221706874,14.632369329676322,0.2553830221706874
9,55,Gradual,Accuracy,0.17171766142058761,9.838697267256112,0.3057298286185097,17.517028851098583,0.3057298286185097
9,56,Sudden,Speed,1.1329937488872146,64.91576002594242,1.2983715844763741,74.39121203020967,1.2983715844763741
9,57,Sudden,Accuracy,-0.015778813939856234,-0.9040594444759523,0.09367022047437987,5.3669082992418815,0.09367022047437987
9,58,Gradual,Speed,0.44455936578613353,25.47137540255802,0.4564903576431173,26.154970881368143,0.4564903576431173
9,59,Gradual,Accuracy,0.2641050948016999,15.132107280039905,0.2671752094022116,15.30801188927072,0.2671752094022116
10,0,Sudden,Speed,-0.15252961388254632,-8.739303126229956,1.5042921929003614,86.1895938076702,1.5042921929003614
10,1,Sudden,Accuracy,0.10812562521971567,6.195141982303003,0.22667066624437365,12.987272515221106,0.22667066624437365
10,2,Gradual,Speed,0.3950713445432983,22.635920648889797,0.4031111210238264,23.096565909452604,0.4031111210238264
10,3,Gradual,Accuracy,0.00265305854208273,0.15200905726247163,0.20396962720211986,11.68659878753826,0.20396962720211986
10,4,Sudden,Speed,1.2051967191098076,69.05268548800575,1.2051967191098076,69.05268548800575,1.2051967191098076
10,5,Sudden,Accuracy,-0.0051033321177478,-0.292399391800509,0.17719543028953003,10.152550304594664,0.17719543028953003
10,6,Gradual,Speed,0.33560751452888754,19.228894155380715,0.42480448322278885,24.339504006901787,0.42480448322278885
10,7,Gradual,Accuracy,0.0677235819735688,3.880275420593755,0.12720586460269961,7.288359171047282,0.12720586460269961
10,8,Sudden,Speed,0.01597695811896227,0.9154122696738127,0.15269270540429583,8.74864758210057,0.15269270540429583
10,9,Sudden,Accuracy,-0.03276088246989443,-1.8770602986490752,0.23241906070409468,13.316631256739507,0.23241906070409468
10,10,Gradual,Speed,0.7025138060011726,40.25107613353948,0.7342812834797943,42.07121851884139,0.7342812834797943
10,11,Gradual,Accuracy,0.2893102838320355,16.576258233307573,0.35038010590485025,20.075301293694736,0.35038010590485025
10,12,Sudden,Speed,1.700232178148744,97.41612800025814,1.972972841529792,113.04301691359048,1.972972841529792
10,13,Sudden,Accuracy,0.6003358119449448,34.396708315004815,0.6079171578774264,34.83108743996468,0.6079171578774264
10,14,Gradual,Speed,1.047555180472528,60.02049064814113,1.047555180472528,60.02049064814113,1.047555180472528
10,15,Gradual,Accuracy,0.19687393998417702,11.28004585720521,0.2351312507404683,13.472028299061149,0.2351312507404683
10,16,Sudden,Speed,1.5521175615795313,88.9297855866438,1.5558849236286192,89.14563953195429,1.5558849236286192
10,17,Sudden,Accuracy,-0.037079643818244086,-2.12450709663374,0.10617658817893824,6.083470385751791,0.10617658817893824
10,18,Gradual,Speed,0.2905275861280546,16.64600451726105,0.3600344777730659,20.628456055593322,0.3600344777730659
10,19,Gradual,Accuracy,0.019539797973972116,1.11954795644688,0.159653994679906,9.147500077562714,0.159653994679906
10,20,Sudden,Speed,0.049315918164472505,2.8255939736368276,0.2763294644344558,15.832512067204703,0.2763294644344558
10,21,Sudden,Accuracy,1.1894093487047566,68.14813579418659,1.1894093487047566,68.14813579418659,1.1894093487047566
10,22,Gradual,Speed,0.1459024555646764,8.35959492445099,0.19808611010367963,11.349498089104578,0.19808611010367963
10,23,Gradual,Accuracy,0.09790810282662155,5.609721072098301,0.20052667055543413,11.489331902636653,0.20052667055543413
10,24,Sudden,Speed,1.1881683169754753,68.07702991385693,1.1881683169754753,68.07702991385693,1.1881683169754753
10,25,Sudden,Accuracy,-0.021416046587162462,-1.2270490832999603,0.2212174762940411,12.674827746183896,0.2212174762940411
10,26,Gradual,Speed,0.15969321663989677,9.149747330334415,0.23155966613174186,13.26739157480724,0.23155966613174186
10,27,Gradual,Accuracy,0.10784429823522862,6.1790231334287515,0.24036938895975363,13.772151511532371,0.24036938895975363
10,28,Sudden,Speed,0.014124652829216799,0.8092829942016394,0.14577030051640666,8.35202299794379,0.14577030051640666
10,29,Sudden,Accuracy,-0.1470323319680331,-8.424332073734748,0.5827926757659295,33.39156065252397,0.5827926757659295
10,30,Gradual,Speed,0.7378427182936309,42.27527370268519,0.7378427182936309,42.27527370268519,0.7378427182936309
10,31,Gradual,Accuracy,0.32975040878413003,18.89330671604428,0.35053075238233167,20.083932701052934,0.35053075238233167
10,32,Sudden,Speed,1.1353387036295544,65.05011603582767,1.1353387036295544,65.05011603582767,1.1353387036295544
10,33,Sudden,Accuracy,0.22202087474778262,12.72085908685062,0.3606250047433662,20.66229075868018,0.3606250047433662
10,34,Gradual,Speed,0.5237393839230081,30.008056263570243,0.5243085085241123,30.04066470123058,0.5243085085241123
10,35,Gradual,Accuracy,0.045629622756563175,2.6143848047251668,0.3253490400345366,18.641126862611802,0.3253490400345366
10,36,Sudden,Speed,0.021112321393248396,1.2096469115568915,0.11356871831489955,6.507008244153842,0.11356871831489955
10,37,Sudden,Accuracy,0.012065279192292186,0.6912895763653524,0.20170591385984057,11.556897566998202,0.20170591385984057
10,38,Gradual,Speed,0.3107415494789284,17.80417930449824,0.45710491800862074,26.190182596567507,0.45710491800862074
10,39,Gradual,Accuracy,0.07860187497052035,4.5035556976257975,0.23028747523969445,13.19450040595794,0.23028747523969445
10,40,Sudden,Speed,1.6491870668602235,94.49145855865034,2.0183351196962724,115.64208400162825,2.0183351196962724
10,41,Sudden,Accuracy,-0.033858285642948384,-1.9399368688893317,0.12039752500680309,6.898270046710607,0.12039752500680309
10,42,Gradual,Speed,0.37541370892606346,21.509621092816197,0.6083243311600591,34.854416750590026,0.6083243311600591
10,43,Gradual,Accuracy,0.06548897785742985,3.752242035856431,0.18941176221989814,10.852494565335663,0.18941176221989814
10,44,Sudden,Speed,1.2772786448817688,73.1826756139144,1.3462078452192998,77.13202787846666,1.3462078452192998
10,45,Sudden,Accuracy,0.35340948176740844,20.24887174517812,1.1817311253259,67.70820600041942,1.1817311253259
10,46,Gradual,Speed,1.1053963636121802,63.33454632408645,1.2081684899779055,69.22295541642768,1.2081684899779055
10,47,Gradual,Accuracy,0.07225459267679135,4.13988321081701,0.2000111192404906,11.459792988167969,0.2000111192404906
10,48,Sudden,Speed,-0.11225863206534151,-6.431945831256041,0.3595610611845191,20.60133128311811,0.3595610611845191
10,49,Sudden,Accuracy,0.08649958446400821,4.9560611194230555,0.18716864292208826,10.723973296626808,0.18716864292208826
10,50,Gradual,Speed,0.020602434818910494,1.1804325628169459,0.20559862827010753,11.779933673556256,0.20559862827010753
10,51,Gradual,Accuracy,-0.02285995294070398,-1.3097788233700136,0.1918057504187266,10.98965998533266,0.1918057504187266
10,52,Sudden,Speed,-0.025062585943756082,-1.4359803982611257,0.18588227286802636,10.650269721637045,0.18588227286802636
10,53,Sudden,Accuracy,-0.06607008368389009,-3.7855369471630644,0.1878456679401614,10.762763972787166,0.1878456679401614
10,54,Gradual,Speed,-0.08651222068613086,-4.956785121619673,0.26967642431709155,15.451320947548512,0.26967642431709155
10,55,Gradual,Accuracy,0.3939645454843608,22.572505734043627,0.44604328672209226,25.55639780931956,0.44604328672209226
10,56,Sudden,Speed,1.170681596324632,67.07511462303935,1.2986702585684438,74.40832479513516,1.2986702585684438
10,57,Sudden,Accuracy,-0.019958888634428597,-1.1435600825243846,0.1405273972965295,8.051626771049277,0.1405273972965295
10,58,Gradual,Speed,0.5051066137944581,28.940477174566897,0.5132967024032429,29.409734685688438,0.5132967024032429
10,59,Gradual,Accuracy,0.27223158269479175,15.597720738578227,0.28241566760186604,16.181225821956467,0.28241566760186604
11,0,Sudden,Speed,-0.06820614462131279,-3.907924223660143,0.7895105791506322,45.235624066260556,-0.7895105791506322
11,1,Sudden,Accuracy,-0.6367510468578792,-36.4831475854934,0.8580241913438235,49.16116488412647,-0.8580241913438235
11,2,Gradual,Speed,-0.5006773798644378,-28.686700763900593,0.5218035518607368,29.897141256555994,-0.5218035518607368
11,3,Gradual,Accuracy,-0.6345983375282671,-36.35980642638818,0.639975872940321,36.66791650968102,-0.639975872940321
11,4,Sudden,Speed,0.10287649104131487,5.894388747782765,0.40487210923400496,23.19746310166813,-0.40487210923400496
11,5,Sudden,Accuracy,0.03370767924979951,1.931307758194213,0.16882731214160487,9.673092452251721,-0.16882731214160487
11,6,Gradual,Speed,-0.34487758260262047,-19.76002993180458,0.36473285063895255,20.897652991387414,-0.36473285063895255
11,7,Gradual,Accuracy,-0.38658271336918215,-22.14955790876976,0.5859134079548024,33.57036543593701,-0.5859134079548024
11,8,Sudden,Speed,0.008036236880821824,0.46044245643846776,0.15531139083940698,8.89868720540482,-0.15531139083940698
11,9,Sudden,Accuracy,0.020348815173517464,1.1659012275343212,0.1656828178551828,9.492926200936735,-0.1656828178551828
11,10,Gradual,Speed,-0.3265601309188404,-18.710517258889176,0.4491694036269845,25.735511114234384,-0.4491694036269845
11,11,Gradual,Accuracy,-0.3335489809226259,-19.110948867756075,0.3782843160326951,21.674094764666453,-0.3782843160326951
11,12,Sudden,Speed,0.157438334234152,9.020552085186933,0.6504850529343966,37.27004816948487,-0.6504850529343966
11,13,Sudden,Accuracy,-0.3531533490623828,-20.234196422184883,0.5389485162364471,30.879475355186344,-0.5389485162364471
11,14,Gradual,Speed,-0.06774335682929236,-3.8814084363671952,0.313292721902674,17.950350717189025,-0.313292721902674
11,15,Gradual,Accuracy,-0.24058458384534778,-13.784481270249714,0.44033638510035783,25.229416432297814,-0.44033638510035783
11,16,Sudden,Speed,0.3829469546453881,21.94124427856849,0.6756520866069597,38.71201298178637,-0.6756520866069597
11,17,Sudden,Accuracy,-0.045111674885781196,-2.584708577721573,0.10864727706802009,6.225030431586047,-0.10864727706802009
11,18,Gradual,Speed,-0.5994195736378675,-34.344211726981065,0.6632343691414397,38.000530179826185,-0.6632343691414397
11,19,Gradual,Accuracy,-0.2335755194362016,-13.382891461270283,0.3255589835601519,18.653155740565655,-0.3255589835601519
11,20,Sudden,Speed,-0.20350357001382746,-11.65989567763737,0.28840711082649717,16.524510231920083,-0.28840711082649717
11,21,Sudden,Accuracy,0.05746161838710519,3.2923082175724563,0.13529235008620125,7.751680660345734,-0.13529235008620125
11,22,Gradual,Speed,-0.2563681872922322,-14.68881513326433,0.34903878677938066,19.99844936882515,-0.34903878677938066
11,23,Gradual,Accuracy,0.056898229679045266,3.2600284223752953,0.23324915217871864,13.36419199484525,-0.23324915217871864
11,24,Sudden,Speed,-0.5832020799592816,-33.41501778491801,0.6639926260111807,38.04397509824914,-0.6639926260111807
11,25,Sudden,Accuracy,-0.15301684383472933,-8.7672193461424,0.30743908926093616,17.614962271997438,-0.30743908926093616
11,26,Gradual,Speed,-0.3013428754680494,-17.26567495065558,0.36136321936252597,20.704587340732893,-0.36136321936252597
11,27,Gradual,Accuracy,-0.5140303630053599,-29.451770341784766,0.5186526026464372,29.71660516511656,-0.5186526026464372
11,28,Sudden,Speed,0.011454338315373935,0.6562852425859158,0.16318911944079056,9.350047806413594,-0.16318911944079056
11,29,Sudden,Accuracy,0.025999630400020065,1.4896690908211823,0.19128308482134151,10.95971345250581,-0.19128308482134151
11,30,Gradual,Speed,-0.25038996857099965,-14.34628843153161,0.3074986461661266,17.61837463130571,-0.3074986461661266
11,31,Gradual,Accuracy,-0.7472882441221328,-42.816462467940156,0.8440178786943966,48.35866228277361,-0.8440178786943966
11,32,Sudden,Speed,-0.402611036943159,-23.067913202228677,0.6656599677260958,38.13950674151988,-0.6656599677260958
11,33,Sudden,Accuracy,-0.6318475109830617,-36.20219567517536,0.640979567779856,36.72542398790544,-0.640979567779856
11,34,Gradual,Speed,-0.4330849343270754,-24.81393890764185,0.48262556771064863,27.65240811492551,-0.48262556771064863
11,35,Gradual,Accuracy,-0.4368186934645939,-25.02786754794007,0.45365107386603737,25.9922919041015,-0.45365107386603737
11,36,Sudden,Speed,-0.01783275106068275,-1.0217413728845643,0.1880538467880089,10.774691742152726,-0.1880538467880089
11,37,Sudden,Accuracy,0.02954426569087948,1.6927617329005544,0.15414268346594195,8.831725205419453,-0.15414268346594195
11,38,Gradual,Speed,-0.5889902438324612,-33.74665514598129,0.7385229838924497,42.31425005044545,-0.7385229838924497
11,39,Gradual,Accuracy,-0.5380617185294261,-30.82866558929216,0.5741875640928635,32.898524071418535,-0.5741875640928635
11,40,Sudden,Speed,0.04974794353215623,2.850347203847694,0.10597053661723302,6.071664500904002,-0.10597053661723302
11,41,Sudden,Accuracy,0.04417556835215431,2.5310736241701313,0.18207158705944726,10.431933507755065,-0.18207158705944726
11,42,Gradual,Speed,-0.1738623104521732,-9.961576605302783,0.3257612150553067,18.66474275172265,-0.3257612150553067
11,43,Gradual,Accuracy,-0.09397427575444503,-5.38432938352828,0.26171191465320387,14.994988157916591,-0.26171191465320387
11,44,Sudden,Speed,0.11767004714539388,6.7419970765364905,0.2276039518458583,13.040745841266506,-0.2276039518458583
11,45,Sudden,Accuracy,-0.4451363890431238,-25.504436399864456,0.7991242633110449,45.78644759422397,-0.7991242633110449
11,46,Gradual,Speed,0.01664558573817861,0.9537218103207886,0.5528339347010532,31.6750512299813,-0.5528339347010532
11,47,Gradual,Accuracy,-0.509447744197771,-29.189205624992645,0.5168246935868329,29.61187369066751,-0.5168246935868329
11,48,Sudden,Speed,0.062274701209383235,3.568077549735903,0.15167827985108523,8.690525279271379,-0.15167827985108523
11,49,Sudden,Accuracy,0.0038030748508932877,0.21790013812853096,0.1545436842579462,8.8547008583827,-0.1545436842579462
11,50,Gradual,Speed,-0.5280484223536773,-30.25494597940727,0.5950312987974153,34.09278209927972,-0.5950312987974153
11,51,Gradual,Accuracy,-0.48810917692217853,-27.966595779245235,0.49156075020113865,28.164356360809776,-0.49156075020113865
11,52,Sudden,Speed,-0.00935031555130384,-0.5357336182052496,0.1465156587342036,8.394728878048948,-0.1465156587342036
11,53,Sudden,Accuracy,0.017501968949861973,1.0027889539961055,0.1358763127382833,7.7851392557033,-0.1358763127382833
11,54,Gradual,Speed,-0.26804960487629603,-15.358111059561095,0.38522219291199683,22.071605828631835,-0.38522219291199683
11,55,Gradual,Accuracy,-0.452929654810405,-25.95095763695345,0.461407853229988,26.436722624270043,-0.461407853229988
11,56,Sudden,Speed,0.4103338390001216,23.510397166107587,0.566188125921637,32.44019002573141,-0.566188125921637
11,57,Sudden,Accuracy,-0.025122755047537287,-1.4394278339648723,0.10329827054716612,5.918554933353158,-0.10329827054716612
11,58,Gradual,Speed,-0.5455834637826763,-31.25962984687596,0.6124946393831986,35.09335781104462,-0.6124946393831986
11,59,Gradual,Accuracy,-0.6665049794409333,-38.187922346419185,0.6665049794409333,38.187922346419185,-0.6665049794409333
