p_id,Block,Rotation,Emphasis,avgerrors_mean,avgerrorsdegrees_mean,smoothedavgerror_mean,smoothedavgerrordegrees_mean,initerrors_mean,initerrorsdegrees_mean
0,0,Sudden,Speed,0.06447082830473899,0.070993294427696,0.064470828304739,3.6939063635741127,0.07363109691630151,3.6939063635741123
0,1,Sudden,Speed,0.46316492950764493,0.4628257701846057,0.46316492950764493,26.537395679262342,1.36688308757566,26.53739567926234
0,2,Sudden,Speed,0.47205283794786546,0.47205283794786546,0.4720528379478655,27.046635321585683,1.4220277978480673,27.04663532158568
0,3,Sudden,Speed,0.47175001216241597,0.47175001216241597,0.47175001216241597,27.02928468215169,1.5479385430455395,27.029284682151687
0,4,Sudden,Speed,0.4789892640900264,0.4789892640900264,0.4789892640900264,27.444063264435716,1.5496212403605445,27.444063264435712
0,5,Sudden,Speed,0.4607638524955585,0.4607638524955585,0.46076385249555857,26.39982410018391,1.5031579846483623,26.399824100183906
0,6,Sudden,Speed,0.49126627694826797,0.49126627694826797,0.49126627694826797,28.1474842862408,1.386763394590382,28.147484286240797
0,7,Sudden,Speed,0.4619623591199272,0.4619623591199272,0.4619623591199272,26.468493471478705,1.5242876131723746,26.468493471478702
0,8,Sudden,Speed,0.46684910617375774,0.46684910617375774,0.4668491061737578,26.748483453211186,1.4478998630795452,26.748483453211183
0,9,Sudden,Speed,0.4563816588283563,0.4563816588283563,0.4563816588283563,26.148742898044265,1.4096266114886864,26.14874289804426
0,10,Sudden,Speed,0.4769929357685848,0.4769929357685848,0.47699293576858487,27.329682077094677,1.351564068616217,27.329682077094674
0,11,Sudden,Speed,0.30088386348935986,0.28007834532757264,0.3008838634893599,17.239375501530724,0.7731263279603475,17.239375501530724
1,0,Sudden,Accuracy,0.09261394527734705,0.10062115451828181,0.09261394527734707,5.306388188447549,0.0859029428901144,5.306388188447548
1,1,Sudden,Accuracy,0.5249406649624041,0.5245522990175155,0.5249406649624041,30.076884597136726,0.885535479677452,30.076884597136722
1,2,Sudden,Accuracy,0.48746959236078025,0.4856716451619198,0.4874695923607803,27.92995028323539,0.6734818294460666,27.929950283235385
1,3,Sudden,Accuracy,0.48511694827715757,0.48488290012725704,0.48511694827715757,27.79515370654738,0.6751632646162811,27.79515370654738
1,4,Sudden,Accuracy,0.46195270542956296,0.45092349057926456,0.461952705429563,26.46794035576411,0.5379061176874647,26.467940355764107
1,5,Sudden,Accuracy,0.3693460853938931,0.36472564636854476,0.3693460853938931,21.161971872748573,0.4049709382092492,21.161971872748573
1,6,Sudden,Accuracy,0.29815653011904436,0.3088298962421963,0.2981565301190444,17.083110810086456,0.28993447876070344,17.083110810086456
1,7,Sudden,Accuracy,0.26774210966085915,0.27678429514141367,0.26774210966085915,15.340492881496097,0.2913893761881919,15.340492881496095
1,8,Sudden,Accuracy,0.3113694930534108,0.3176659751093569,0.3113694930534108,17.840157821088443,0.38529387601707527,17.840157821088443
1,9,Sudden,Accuracy,0.25659565837727294,0.2658896447640418,0.25659565837727294,14.701848266398427,0.25770878652349466,14.701848266398425
1,10,Sudden,Accuracy,0.21125178655220944,0.22060417686735218,0.21125178655220947,12.103835784040124,0.19815577416466199,12.103835784040122
1,11,Sudden,Accuracy,0.5142403628433767,0.5138666276869459,0.5142403628433767,29.463802446201566,0.5890486278164424,29.463802446201566
2,0,Gradual,Speed,0.045228471580350885,0.05129276060808116,0.045228471580350885,2.5914005353814944,0.027628018314432155,2.5914005353814944
2,1,Gradual,Speed,0.06111242634842984,0.07112710878484647,0.061112426348429845,3.5014841055691193,0.0993392547297497,3.501484105569119
2,2,Gradual,Speed,0.11569111587787832,0.13226342859444604,0.11569111587787834,6.6286126669613745,0.14562175887418147,6.628612666961374
2,3,Gradual,Speed,0.15741283384541077,0.17692051972308323,0.1574128338454108,9.019091020536118,0.21258861287631958,9.019091020536118
2,4,Gradual,Speed,0.34719876117011556,0.3268675712628886,0.3471987611701156,19.893023667218273,0.2136394283326753,19.89302366721827
2,5,Gradual,Speed,0.36254723267376854,0.3489387234617674,0.3625472326737686,20.7724263063544,0.3179458588824128,20.772426306354397
2,6,Gradual,Speed,0.400639258025582,0.3832572918667966,0.400639258025582,22.954938592118644,0.3409745019927613,22.95493859211864
2,7,Gradual,Speed,0.4069576663510019,0.38521061581432026,0.4069576663510019,23.31695672240553,0.37866482338298557,23.316956722405525
2,8,Gradual,Speed,0.3615781776355492,0.34631790925437134,0.3615781776355493,20.716903542548547,0.4424218160573911,20.716903542548543
2,9,Gradual,Speed,0.4310694689104442,0.4238601953898565,0.43106946891044423,24.698461245514306,0.5742208419891927,24.698461245514306
2,10,Gradual,Speed,0.3872616091937325,0.37199833843214364,0.38726160919373254,22.188455774245554,0.47860201405212643,22.18845577424555
2,11,Gradual,Speed,0.5569674424688735,0.5562674039177334,0.5569674424688736,31.911883779661945,0.7608544714498227,31.91188377966194
3,0,Gradual,Accuracy,0.06803558205353717,0.07134119524017485,0.06803558205353719,3.898151708383687,0.04908740496867576,3.8981517083836867
3,1,Gradual,Accuracy,0.07066625507189638,0.07781031688076678,0.07066625507189639,4.048878169614611,0.07971177783146681,4.048878169614611
3,2,Gradual,Accuracy,0.06959450562374198,0.07385036140230516,0.06959450562374198,3.987471449539888,0.08762107721715362,3.9874714495398877
3,3,Gradual,Accuracy,0.09132780268420661,0.10306980560835133,0.09132780268420662,5.2326976460085906,0.10224756247721235,5.23269764600859
3,4,Gradual,Accuracy,0.15867079621753596,0.1834308306818138,0.15867079621753596,9.091166955245157,0.1512040305563354,9.091166955245157
3,5,Gradual,Accuracy,0.15266857070511916,0.16540901307432912,0.1526685707051192,8.747264765697928,0.20355101437933776,8.747264765697928
3,6,Gradual,Accuracy,0.08666798919535433,0.09373932731321066,0.08666798919535434,4.965709999779223,0.14969700437380737,4.9657099997792224
3,7,Gradual,Accuracy,0.1572714744221108,0.1732210553531299,0.1572714744221108,9.010991722186628,0.3504466676358895,9.010991722186626
3,8,Gradual,Accuracy,0.16719087447173472,0.1782889772369227,0.16719087447173472,9.579331480331938,0.2766247605786929,9.579331480331936
3,9,Gradual,Accuracy,0.26423522491630413,0.2742163139451819,0.2642352249163042,15.13956318639428,0.3359185500436669,15.139563186394279
3,10,Gradual,Accuracy,0.14494529138842607,0.1615964421543128,0.14494529138842607,8.304753456850731,0.1349903267853659,8.30475345685073
3,11,Gradual,Accuracy,0.38787920217541777,0.38746851185983855,0.3878792021754178,22.22384124555302,0.3067961704187462,22.223841245553018
4,0,Sudden,Speed,0.0924533440563021,0.1018064411390777,0.09245334405630211,5.297186416297025,0.1349903274439104,5.297186416297025
4,1,Sudden,Speed,0.46127593263037564,0.4611722455709731,0.4612759326303757,26.42916413068142,0.7741613400705166,26.429164130681418
4,2,Sudden,Speed,0.48525107881896834,0.4852520293385002,0.4852510788189684,27.802838820496945,0.8233359209444838,27.802838820496945
4,3,Sudden,Speed,0.4510606043147195,0.4510606043147195,0.4510606043147195,25.843868931853837,0.6878455352563085,25.843868931853837
4,4,Sudden,Speed,0.463181185786702,0.46188573006893535,0.46318118578670203,26.5383270954429,0.6778450845702493,26.5383270954429
4,5,Sudden,Speed,0.4399245479932411,0.4384359233911499,0.4399245479932411,25.205819904213147,0.5882663371480995,25.205819904213143
4,6,Sudden,Speed,0.4402079513551896,0.4399436860610718,0.4402079513551896,25.222057720752613,0.653640105362411,25.22205772075261
4,7,Sudden,Speed,0.45763070582330373,0.45709485105586817,0.4576307058233038,26.220308019268252,0.6714699926040816,26.22030801926825
4,8,Sudden,Speed,0.446750930925247,0.447301654530178,0.44675093092524704,25.596942835557225,0.6673665126828653,25.596942835557222
4,9,Sudden,Speed,0.4599086258374168,0.45847076927784086,0.4599086258374169,26.350823222145312,0.6612153990618241,26.35082322214531
4,10,Sudden,Speed,0.4323772756867707,0.43235276173683745,0.4323772756867707,24.773393054216424,0.6040755485695017,24.773393054216424
4,11,Sudden,Speed,0.45555259891439764,0.4436510281298572,0.45555259891439764,26.101241264010955,0.527689397947378,26.10124126401095
5,0,Sudden,Accuracy,0.07201496247314643,0.07314788760464314,0.07201496247314644,4.126153411504296,0.02454371302105001,4.126153411504295
5,1,Sudden,Accuracy,0.24843056374051817,0.26211253548683255,0.2484305637405182,14.234022804387475,0.26627116761467595,14.234022804387473
5,2,Sudden,Accuracy,0.1585556375482348,0.1760292492658273,0.15855563754823482,9.084568849519858,0.1963495566544303,9.084568849519858
5,3,Sudden,Accuracy,0.11498182802219895,0.12396181118783411,0.11498182802219896,6.5879734663710625,0.10410396678278298,6.587973466371062
5,4,Sudden,Accuracy,0.08971657509481994,0.0949159744358928,0.08971657509481995,5.140381105301696,0.07363109691630151,5.140381105301696
5,5,Sudden,Accuracy,0.10903619364678051,0.11671818943169442,0.10903619364678052,6.247313710131684,0.11044663483774014,6.247313710131683
5,6,Sudden,Accuracy,0.10577799979420002,0.11845011819344663,0.10577799979420004,6.060632953543353,0.14726217275917877,6.060632953543352
5,7,Sudden,Accuracy,0.12485034738784488,0.1372151949089948,0.1248503473878449,7.153397976065694,0.12271848081155302,7.153397976065694
5,8,Sudden,Accuracy,0.09810990403689274,0.10797869951343432,0.09810990403689275,5.621283429747472,0.09817478886392728,5.621283429747471
5,9,Sudden,Accuracy,0.11879231535200553,0.13382144442497537,0.11879231535200553,6.806298308257054,0.1300318898648068,6.806298308257053
5,10,Sudden,Accuracy,0.08572869070680914,0.09613248099540136,0.08572869070680915,4.911892160682567,0.050355194175047614,4.911892160682566
5,11,Sudden,Accuracy,0.07812500758567113,0.08156108436221828,0.07812500758567115,4.476233209086498,0.11044663549628465,4.476233209086497
6,0,Gradual,Speed,0.07361588044372161,0.07818572986186272,0.07361588044372161,4.217879254564902,2.1073424255447017e-08,4.2178792545649015
6,1,Gradual,Speed,0.060130509506934056,0.06274011559898898,0.06013050950693406,3.445224414718594,0.09389911156004657,3.445224414718594
6,2,Gradual,Speed,0.06321384032311526,0.06922278002050525,0.06321384032311528,3.621886257328405,0.0987275616995723,3.6218862573284047
6,3,Gradual,Speed,0.07432708055355257,0.08070712769396651,0.07432708055355257,4.258628019247457,0.09361226670567402,4.258628019247457
6,4,Gradual,Speed,0.10667298830168337,0.1146871385590329,0.10667298830168338,6.111912017734861,0.15897385145580986,6.11191201773486
6,5,Gradual,Speed,0.14610355098855174,0.1543714622084256,0.14610355098855174,8.371116843518442,0.24891445669551618,8.371116843518442
6,6,Gradual,Speed,0.17428888924004343,0.1820240154945678,0.17428888924004343,9.986017769477554,0.28256002079774295,9.986017769477554
6,7,Gradual,Speed,0.18663854582574627,0.19593663255252738,0.1866385458257463,10.693600970274272,0.32710945708060124,10.69360097027427
6,8,Gradual,Speed,0.2116722435547676,0.21803033700346444,0.21167224355476763,12.127926195753426,0.402039916461096,12.127926195753425
6,9,Gradual,Speed,0.3006004391506156,0.3033283829427233,0.3006004391506156,17.22313648310939,0.2931000166199541,17.22313648310939
6,10,Gradual,Speed,0.2674560167370275,0.2738180220855798,0.26745601673702757,15.324100964411986,0.26371494876806834,15.324100964411985
6,11,Gradual,Speed,0.34458613946129657,0.3516096067684483,0.3445861394612966,19.743331469838687,0.20862140262824316,19.743331469838683
7,0,Gradual,Accuracy,0.0549399002987081,0.06147998599688905,0.05493990029870811,3.1478244139855054,0.02454371302105001,3.147824413985505
7,1,Gradual,Accuracy,0.03550604147528948,0.03892799217603764,0.03550604147528948,2.0343463237505426,0.05713415942846938,2.0343463237505426
7,2,Gradual,Accuracy,0.11838189258163397,0.13752103068088192,0.11838189258163398,6.782782815698696,0.12195267498209306,6.782782815698695
7,3,Gradual,Accuracy,0.07050459752822312,0.08113544116401071,0.07050459752822312,4.039615874635681,0.08885005735280739,4.039615874635681
7,4,Gradual,Accuracy,0.10954473923898543,0.12751392196067698,0.10954473923898544,6.276451226255007,0.1038155491226538,6.2764512262550065
7,5,Gradual,Accuracy,0.1270301938499807,0.1430981698239888,0.12703019384998074,7.278293978332602,0.1285332903093627,7.278293978332601
7,6,Gradual,Accuracy,0.15022210507325176,0.16646419870332324,0.1502221050732518,8.60709261026812,0.17766401510817276,8.607092610268118
7,7,Gradual,Accuracy,0.12714742453345879,0.14631160266106105,0.1271474245334588,7.285010801725329,0.15832060003180007,7.285010801725329
7,8,Gradual,Accuracy,0.19785914857767728,0.20991906518254883,0.19785914857767728,11.336494151552793,0.27365932370360935,11.336494151552792
7,9,Gradual,Accuracy,0.1966676463678968,0.21208835515940538,0.1966676463678968,11.26822610365186,0.17180586470680453,11.268226103651859
7,10,Gradual,Accuracy,0.14478641502820552,0.1559501371730341,0.14478641502820555,8.295650511945693,0.1349903267853659,8.295650511945693
7,11,Gradual,Accuracy,0.5183180081505766,0.5179187391060781,0.5183180081505767,29.697434312655446,0.674951550291677,29.697434312655446
8,0,Sudden,Speed,0.05752392470852873,0.06373817939784196,0.05752392470852874,3.295878106827011,0.049087404968675766,3.295878106827011
8,1,Sudden,Speed,0.25835871700575685,0.27365646648966807,0.25835871700575685,14.802864084844677,0.4466680328293512,14.802864084844675
8,2,Sudden,Speed,0.2214441499884155,0.24201072333321114,0.22144414998841552,12.687815192198187,0.3313398630249164,12.687815192198185
8,3,Sudden,Speed,0.23941708397252784,0.23034286275207397,0.23941708397252787,13.717588454955072,0.42951463147396396,13.71758845495507
8,4,Sudden,Speed,0.1792364612046546,0.20240760140321012,0.17923646120465464,10.269492761887026,0.25770878652349466,10.269492761887024
8,5,Sudden,Speed,0.07145582159482525,0.08177848249093636,0.07145582159482526,4.094116999023255,0.12271848081155302,4.094116999023254
8,6,Sudden,Speed,0.11585474783416445,0.136996853520603,0.11585474783416447,6.637988087450039,0.24473062396114964,6.637988087450038
8,7,Sudden,Speed,0.12801799647228482,0.1502782104085896,0.12801799647228482,7.3348908995825814,0.2945243251034778,7.3348908995825814
8,8,Sudden,Speed,0.062171993491545105,0.07193181463633558,0.06217199349154511,3.562192830980358,0.14726217275917877,3.5621928309803574
8,9,Sudden,Speed,0.07520731989793666,0.08973639723088755,0.07520731989793668,4.309062018642028,0.17180586536534903,4.309062018642028
8,10,Sudden,Speed,0.08057141843190348,0.09245570677343812,0.08057141843190349,4.616402225530639,0.14726217275917877,4.6164022255306385
8,11,Sudden,Speed,0.062343035612113365,0.07215954639780503,0.06234303561211337,3.571992822607887,0.14726217341772327,3.5719928226078865
9,0,Sudden,Accuracy,0.08228830970921733,0.09341287253468114,0.08228830970921734,4.714772849603548,0.07363109691630151,4.7147728496035475
9,1,Sudden,Accuracy,0.6039803366253573,0.60397390567344,0.6039803366253574,34.605524197523714,1.263901041148789,34.605524197523714
9,2,Sudden,Accuracy,0.5723735572876876,0.5725628658015757,0.5723735572876876,32.79458913747394,0.9227964965197789,32.79458913747394
9,3,Sudden,Accuracy,0.39993487016219526,0.39199283356500597,0.3999348701621953,22.91458014040635,0.9592971266241627,22.914580140406347
9,4,Sudden,Accuracy,0.26945099209537954,0.2700706235929573,0.26945099209537954,15.438404632678154,0.3684657138842446,15.438404632678152
9,5,Sudden,Accuracy,0.18328192893960005,0.20307423457006252,0.18328192893960005,10.501280989255747,0.2038368926647258,10.501280989255747
9,6,Sudden,Accuracy,0.1262301878969486,0.1420636672058906,0.12623018789694862,7.23245701363852,0.14726217275917877,7.23245701363852
9,7,Sudden,Accuracy,0.11411450332063663,0.12880116473080958,0.11411450332063665,6.5382794215040985,0.12271848081155302,6.538279421504098
9,8,Sudden,Accuracy,0.1935225994038617,0.2046377122088453,0.19352259940386174,11.088028186242218,0.28225247912966495,11.088028186242218
9,9,Sudden,Accuracy,0.1367644321965506,0.15832945501365336,0.1367644321965506,7.836024752365461,0.15953401873299167,7.83602475236546
9,10,Sudden,Accuracy,0.11226933382729101,0.12900974516208297,0.11226933382729103,6.432558997049101,0.12271848147009752,6.4325589970491
9,11,Sudden,Accuracy,0.05682630276049596,0.06442685012070827,0.05682630276049597,3.255907313509038,0.09817478952247177,3.255907313509038
10,0,Gradual,Speed,0.04174647844195414,0.044382700615065836,0.041746478441954143,2.391897024257849,0.036815558994862885,2.391897024257849
10,1,Gradual,Speed,0.04748286490100266,0.0518526210619547,0.04748286490100266,2.720567758017324,0.08257365142027764,2.720567758017324
10,2,Gradual,Speed,0.060586947307884116,0.07127647923602946,0.06058694730788412,3.471376374323265,0.0929727499445762,3.471376374323265
10,3,Gradual,Speed,0.09720405559207787,0.11605234325440644,0.09720405559207787,5.5693821369810905,0.12336780571326217,5.5693821369810905
10,4,Gradual,Speed,0.15531701402472237,0.18228488721967365,0.1553170140247224,8.899009390190809,0.19477697301090824,8.899009390190809
10,5,Gradual,Speed,0.14798639607613107,0.16889788607808867,0.14798639607613107,8.478995920513677,0.1930412624767986,8.478995920513677
10,6,Gradual,Speed,0.19797363462861203,0.21892448247441793,0.19797363462861203,11.343053719084475,0.24682355047745314,11.343053719084475
10,7,Gradual,Speed,0.21219958235996914,0.2314991004635433,0.21219958235996914,12.158140483664946,0.2950337316448968,12.158140483664944
10,8,Gradual,Speed,0.37081094697205436,0.37001834547101403,0.37081094697205436,21.24590225874809,0.5295778200908142,21.24590225874809
10,9,Gradual,Speed,0.44264948861601516,0.44264948861601516,0.44264948861601516,25.36194750132185,0.6328970086606193,25.361947501321847
10,10,Gradual,Speed,0.41019992842522485,0.40960490299350766,0.4101999284252249,23.502724655333836,0.5351103671111381,23.502724655333832
10,11,Gradual,Speed,0.4940853848630529,0.48983940633060935,0.494085384863053,28.309007271749905,0.44178647613068783,28.309007271749902
11,0,Gradual,Accuracy,0.04098732705614561,0.04248035448957387,0.04098732705614561,2.3484008538395127,2.1073424255447017e-08,2.3484008538395122
11,1,Gradual,Accuracy,0.05797842336919635,0.06629016405191113,0.05797842336919635,3.3219189618776137,0.0862308948542322,3.3219189618776133
11,2,Gradual,Accuracy,0.07763273197371558,0.08527198779349593,0.07763273197371558,4.448027894164224,0.09384030660465897,4.448027894164224
11,3,Gradual,Accuracy,0.13711857838574262,0.14015108652233743,0.13711857838574262,7.856315834336805,0.20807289610951374,7.8563158343368045
11,4,Gradual,Accuracy,0.1672403746016909,0.17232691920493232,0.16724037460169092,9.582167628863775,0.2794762221338092,9.582167628863774
11,5,Gradual,Accuracy,0.0995483175728646,0.11287020751354405,0.0995483175728646,5.703698454553149,0.15178378023951947,5.703698454553148
11,6,Gradual,Accuracy,0.2541952268450972,0.2548374687746751,0.25419522684509727,14.564313670594636,0.24498726517285951,14.564313670594636
11,7,Gradual,Accuracy,0.23822729351657207,0.23576769604639589,0.2382272935165721,13.649418483323862,0.37418595745695693,13.64941848332386
11,8,Gradual,Accuracy,0.3208647934971808,0.3218725251444791,0.3208647934971808,18.384198461725163,0.4953117545040953,18.38419846172516
11,9,Gradual,Accuracy,0.2879808962603561,0.29464322495340917,0.2879808962603561,16.500089936113195,0.18630400546966996,16.500089936113195
11,10,Gradual,Accuracy,0.2681516353985791,0.27176286952609435,0.26815163539857917,15.363956977869432,0.24455947366302436,15.36395697786943
11,11,Gradual,Accuracy,0.39595638164036684,0.39250938802301705,0.39595638164036684,22.686629539264338,0.38042724626162344,22.686629539264334
12,0,Sudden,Speed,0.12668063308150423,0.12892112229739927,0.12668063308150423,7.258265621615549,0.08423398980090144,7.258265621615549
12,1,Sudden,Speed,0.5248827318895004,0.5248827318895004,0.5248827318895004,30.073565276565123,1.7699078738372582,30.07356527656512
12,2,Sudden,Speed,0.5066698425022522,0.5066698425022522,0.5066698425022522,29.03004358193719,1.7327064007862507,29.03004358193719
12,3,Sudden,Speed,0.4910759589591976,0.4910759589591976,0.49107595895919764,28.136579868701652,1.6279849015061318,28.13657986870165
12,4,Sudden,Speed,0.5153726794073076,0.5153726794073076,0.5153726794073077,29.52867940638756,1.5339447929424483,29.52867940638756
12,5,Sudden,Speed,0.5459969402789104,0.5459969402789104,0.5459969402789104,31.283320305038032,2.0715200751648224,31.28332030503803
12,6,Sudden,Speed,0.5113723509361927,0.5113723509361927,0.5113723509361927,29.299477468326657,1.991935577673958,29.299477468326653
12,7,Sudden,Speed,0.5142627147295956,0.5142627147295956,0.5142627147295956,29.46508311494606,1.5478530776666257,29.46508311494606
12,8,Sudden,Speed,0.5132235244432568,0.5132235244432568,0.5132235244432568,29.40554189742786,1.5442574090787446,29.405541897427856
12,9,Sudden,Speed,0.4788758834488656,0.4788758834488656,0.47887588344886567,27.437567032218716,1.3084576086667632,27.437567032218713
12,10,Sudden,Speed,0.5131720450178276,0.5131720450178276,0.5131720450178278,29.402592343619016,1.4784935384142401,29.402592343619013
12,11,Sudden,Speed,0.4069429632672597,0.4084495423312712,0.40694296326725976,23.316114297761274,0.6013204737902552,23.31611429776127
13,0,Sudden,Accuracy,0.06404854592692173,0.07368901759609918,0.06404854592692175,3.669711365562435,0.049087404968675766,3.6697113655624345
13,1,Sudden,Accuracy,0.499028972809735,0.499028972809735,0.49902897280973507,28.592253996746535,1.2343748829095629,28.592253996746532
13,2,Sudden,Accuracy,0.48701693402109636,0.48701693402109636,0.48701693402109636,27.9040148708101,1.0485393250223556,27.904014870810098
13,3,Sudden,Accuracy,0.48207453667121797,0.48207453667121797,0.48207453667121797,27.620836361985425,0.7961238163421713,27.620836361985422
13,4,Sudden,Accuracy,0.45672717320399236,0.45608227589988154,0.4567271732039924,26.16853941352931,0.7053944517197271,26.16853941352931
13,5,Sudden,Accuracy,0.47913673178931404,0.47838688421739706,0.4791367317893141,27.452512541219402,0.7142725301024909,27.452512541219402
13,6,Sudden,Accuracy,0.4640453509061196,0.46015047201200926,0.46404535090611965,26.587840109587948,0.6641078572136818,26.587840109587944
13,7,Sudden,Accuracy,0.43013210105637456,0.42868761046249093,0.43013210105637456,24.644754023624884,0.6224359699616349,24.64475402362488
13,8,Sudden,Accuracy,0.44871661177611166,0.44027130823681215,0.4487166117761117,25.709568052181456,0.5767974516374115,25.709568052181453
13,9,Sudden,Accuracy,0.4283838737623106,0.4232897423398657,0.42838387376231063,24.544587978045442,0.5014964312210018,24.54458797804544
13,10,Sudden,Accuracy,0.42394606053417266,0.4152984791809501,0.42394606053417266,24.29032000980581,0.49223553396746844,24.290320009805807
13,11,Sudden,Accuracy,0.4716663762420216,0.4665522400196817,0.4716663762420216,27.024492696897404,0.6258641663964255,27.0244926968974
14,0,Gradual,Speed,0.05960159299199689,0.06553150550230169,0.05960159299199689,3.4149197306979264,0.036815558994862885,3.4149197306979264
14,1,Gradual,Speed,0.0746166923446124,0.07842299787405681,0.07461669234461242,4.275221552572411,0.09312783174571948,4.27522155257241
14,2,Gradual,Speed,0.06866130238951398,0.07366901841578637,0.06866130238951398,3.9340028427906657,0.11925394121161736,3.9340028427906653
14,3,Gradual,Speed,0.21950778929578146,0.22317113191051718,0.2195077892957815,12.576869896895229,0.18078290607909822,12.576869896895227
14,4,Gradual,Speed,0.20153527990539488,0.20391949851530525,0.20153527990539488,11.547120961566836,0.2092158241171345,11.547120961566835
14,5,Gradual,Speed,0.21694044509240404,0.22541067690984443,0.21694044509240404,12.429771909484325,0.29216155601979144,12.429771909484325
14,6,Gradual,Speed,0.46125678043832846,0.4582384077724795,0.4612567804383285,26.428066790908694,0.9430147468661317,26.42806679090869
14,7,Gradual,Speed,0.4473334097544734,0.4472536987227613,0.44733340975447344,25.63031641412762,1.2208529772121477,25.630316414127616
14,8,Gradual,Speed,0.433027508840183,0.4329416670900007,0.43302750884018304,24.810648669606433,1.0130835119092325,24.81064866960643
14,9,Gradual,Speed,0.4923057046137734,0.49228399567395065,0.49230570461377343,28.207039104583398,0.8051526207739566,28.207039104583394
14,10,Gradual,Speed,0.4817151500709513,0.4812020418735391,0.48171515007095134,27.60024502657659,0.7363107795021969,27.600245026576587
14,11,Gradual,Speed,0.449111453236763,0.44279601369604726,0.44911145323676305,25.73219080145356,0.5154175519735651,25.732190801453555
15,0,Gradual,Accuracy,0.10493813293534376,0.10897256900092732,0.10493813293534378,6.012512127177979,0.036815558994862885,6.012512127177979
15,1,Gradual,Accuracy,0.10117377229832754,0.10452129345738237,0.10117377229832754,5.796830150111771,0.09768961926899272,5.79683015011177
15,2,Gradual,Accuracy,0.10418214111699327,0.11002097888725919,0.10418214111699327,5.969196986640075,0.10482321867421204,5.969196986640074
15,3,Gradual,Accuracy,0.12477894747207988,0.12857487957907762,0.12477894747207989,7.14930706223477,0.1439395082368184,7.14930706223477
15,4,Gradual,Accuracy,0.12544508865692452,0.125277315437137,0.12544508865692452,7.187474140686212,0.13110782162397724,7.187474140686211
15,5,Gradual,Accuracy,0.11979958527402235,0.1226758109249939,0.11979958527402236,6.864010623619089,0.16526546034627082,6.864010623619089
15,6,Gradual,Accuracy,0.17320892643490032,0.17653559670285457,0.17320892643490035,9.924140458711745,0.23599830309638042,9.924140458711745
15,7,Gradual,Accuracy,0.18095223010481787,0.18342652094354747,0.18095223010481787,10.367799078486183,0.2899370848321279,10.36779907848618
15,8,Gradual,Accuracy,0.19741598230143834,0.2007033328460698,0.19741598230143836,11.311102594301774,0.2862476898069045,11.311102594301774
15,9,Gradual,Accuracy,0.23411598286823243,0.2374914199741179,0.23411598286823246,13.413857734906806,0.1709485873094972,13.413857734906804
15,10,Gradual,Accuracy,0.20770919575892968,0.21005466588436025,0.20770919575892968,11.90086028304329,0.12256327268200273,11.900860283043288
15,11,Gradual,Accuracy,0.31666543212471854,0.3138788549118403,0.3166654321247186,18.14359277843281,0.4049709382092492,18.14359277843281
16,0,Sudden,Speed,0.0508253574959254,0.05936278683156305,0.0508253574959254,2.912078476760128,0.10320214094710255,2.9120784767601275
16,1,Sudden,Speed,0.5550796022447702,0.5550796022447702,0.5550796022447702,31.803718502425788,0.8888792886921384,31.803718502425784
16,2,Sudden,Speed,0.5014336679143889,0.5014336679143889,0.5014336679143889,28.73003287725897,0.8078946284829029,28.730032877258967
16,3,Sudden,Speed,0.46430499294449956,0.46430499294449956,0.4643049929444996,26.602716502571294,0.7569167321264286,26.60271650257129
16,4,Sudden,Speed,0.44769339479766934,0.44769339479766934,0.44769339479766934,25.650942037790582,0.7363107827949193,25.65094203779058
16,5,Sudden,Speed,0.44076862604133454,0.44076862604133454,0.4407686260413346,25.25418201394854,0.7247818949030789,25.25418201394854
16,6,Sudden,Speed,0.4630931876147127,0.463017454321703,0.4630931876147127,26.533285171583046,0.7363107814778304,26.533285171583042
16,7,Sudden,Speed,0.4526238642800342,0.45222101093430483,0.45262386428003426,25.933437130148143,0.6947038920480071,25.93343713014814
16,8,Sudden,Speed,0.4482802649210272,0.44832026134747044,0.44828026492102724,25.684567218981307,0.6254037783279873,25.684567218981307
16,9,Sudden,Speed,0.4665804658493852,0.4665804658493852,0.46658046584938523,26.73309149641761,0.6994952435563917,26.73309149641761
16,10,Sudden,Speed,0.47936382515604703,0.47936382515604703,0.4793638251560471,27.46552403268862,0.7480449791694509,27.465524032688617
16,11,Sudden,Speed,0.43951076172784986,0.43951076172784986,0.4395107617278499,25.18211169758575,0.8344855492683334,25.182111697585746
17,0,Sudden,Accuracy,0.09697985928826874,0.09786595219004361,0.09697985928826874,5.556536634990395,2.1073424255447017e-08,5.556536634990395
17,1,Sudden,Accuracy,0.2233556058647278,0.2416346844892702,0.22335560586472783,12.797333546636363,0.3180428167963406,12.797333546636361
17,2,Sudden,Accuracy,0.16727623156414392,0.17189908786195993,0.16727623156414395,9.584222081478494,0.07363109691630151,9.584222081478492
17,3,Sudden,Accuracy,0.16828963887688253,0.1724798797330569,0.16828963887688256,9.64228604342611,0.11044663483774014,9.64228604342611
17,4,Sudden,Accuracy,0.19351014197485475,0.19875649832332243,0.19351014197485478,11.087314428136535,0.11044663483774014,11.087314428136535
17,5,Sudden,Accuracy,0.1675964860942269,0.17285098988359127,0.1675964860942269,9.602571314422192,0.0859029428901144,9.60257131442219
17,6,Sudden,Accuracy,0.1369782903037733,0.14000979010758188,0.13697829030377331,7.848277919323978,0.07801555174991592,7.848277919323977
17,7,Sudden,Accuracy,0.13410812730651817,0.1368864744882584,0.13410812730651817,7.68382969306664,0.036815558994862885,7.68382969306664
17,8,Sudden,Accuracy,0.14572831484287194,0.1493605019587577,0.14572831484287196,8.349617396050233,0.0859029428901144,8.349617396050233
17,9,Sudden,Accuracy,0.15610217883461017,0.1568371715274902,0.15610217883461017,8.94399602001957,0.09817478886392728,8.94399602001957
17,10,Sudden,Accuracy,0.14211534875279982,0.14719891126505782,0.14211534875279985,8.14260968756522,0.0859029428901144,8.142609687565217
17,11,Sudden,Accuracy,0.12370783508441774,0.1252640534896469,0.12370783508441775,7.087936843037549,0.06135925094248864,7.087936843037548
18,0,Gradual,Speed,0.2155986485994728,0.21485620497523572,0.21559864859947284,12.35289263347391,0.0859029428901144,12.352892633473909
18,1,Gradual,Speed,0.20373431283094667,0.2056618277866445,0.20373431283094667,11.67311626721126,0.27943286519346794,11.673116267211258
18,2,Gradual,Speed,0.18050251328305664,0.1833846116282498,0.18050251328305666,10.342032202623228,0.21601305889636133,10.342032202623226
18,3,Gradual,Speed,0.24276336050350936,0.24796307957606634,0.24276336050350936,13.90931597726399,0.23660054704547395,13.90931597726399
18,4,Gradual,Speed,0.212563082077853,0.21655130649851578,0.21256308207785302,12.178967483353887,0.27501655976516104,12.178967483353887
18,5,Gradual,Speed,0.28000840772902935,0.27989376163920054,0.28000840772902935,16.04329999105172,0.30141389567059557,16.04329999105172
18,6,Gradual,Speed,0.3162448230506978,0.30774126292676807,0.31624482305069784,18.119493653666517,0.275295044513439,18.119493653666517
18,7,Gradual,Speed,0.2982308857874947,0.29589734798038714,0.2982308857874947,17.08737107607153,0.3121541239960831,17.08737107607153
18,8,Gradual,Speed,0.382820357659501,0.38068111951360684,0.382820357659501,21.933990805578084,0.41534578780477527,21.933990805578084
18,9,Gradual,Speed,0.4558112677457666,0.45423882489385087,0.45581126774576664,26.11606189633998,0.6260881510901125,26.116061896339975
18,10,Gradual,Speed,0.4133147377365518,0.41148061719411544,0.4133147377365518,23.68119008286092,0.5739269673444719,23.68119008286092
18,11,Gradual,Speed,0.48559780345483605,0.4839148207059124,0.4855978034548361,27.822704678785374,0.6013204737902552,27.82270467878537
19,0,Gradual,Accuracy,0.04567430891948501,0.04937424406120041,0.04567430891948501,2.616945133263223,0.036815558994862885,2.6169451332632225
19,1,Gradual,Accuracy,0.027872661785206622,0.0300664675194826,0.027872661785206622,1.5969858840879143,0.061432575793754086,1.596985884087914
19,2,Gradual,Accuracy,0.05076425745383917,0.05708859998400987,0.05076425745383917,2.908577702220515,0.07967896158756393,2.908577702220515
19,3,Gradual,Accuracy,0.08573114474784041,0.09570865716988931,0.08573114474784041,4.912032766876409,0.11574546279704387,4.912032766876409
19,4,Gradual,Accuracy,0.11327760788675954,0.12037796683634912,0.11327760788675956,6.490328845249171,0.12944443908787645,6.49032884524917
19,5,Gradual,Accuracy,0.10391086038023983,0.11337487403068186,0.10391086038023985,5.953653745360904,0.16035500262648944,5.953653745360903
19,6,Gradual,Accuracy,0.10849640407059613,0.12132476621548893,0.10849640407059614,6.216386045591164,0.14192798838589654,6.216386045591164
19,7,Gradual,Accuracy,0.13896177017036926,0.15404164108152518,0.13896177017036926,7.961922944429098,0.16371169597677163,7.961922944429097
19,8,Gradual,Accuracy,0.17819621432491595,0.19585089864981062,0.17819621432491595,10.209891006026346,0.15156634672876998,10.209891006026346
19,9,Gradual,Accuracy,0.24481439421426185,0.2556952475145556,0.24481439421426188,14.026831552529165,0.2945243244449333,14.026831552529163
19,10,Gradual,Accuracy,0.19646991078821688,0.2153638009441702,0.19646991078821688,11.256896689476628,0.1840777106806174,11.256896689476628
19,11,Gradual,Accuracy,0.3457420601849982,0.33562284626160016,0.3457420601849982,19.809560848758498,0.3926990922354363,19.809560848758494
20,0,Sudden,Speed,0.05307878391731599,0.059979463658576926,0.053078783917316,3.0411903001490774,0.049087404968675766,3.041190300149077
20,1,Sudden,Speed,0.5066494414837228,0.5066494414837228,0.5066494414837228,29.02887468967769,0.822213702635976,29.028874689677686
20,2,Sudden,Speed,0.46807201509322466,0.46807201509322466,0.46807201509322466,26.81855097302554,0.7544135169241317,26.81855097302554
20,3,Sudden,Speed,0.4595433101265573,0.4583526866107988,0.45954331012655736,26.32989217372324,0.5645049358688166,26.329892173723238
20,4,Sudden,Speed,0.35457808832851007,0.3541957155637563,0.3545780883285101,20.315827969040544,0.43441944609340133,20.31582796904054
20,5,Sudden,Speed,0.2769495509959657,0.2864582091836894,0.2769495509959657,15.868040410111998,0.3313398623663719,15.868040410111998
20,6,Sudden,Speed,0.3020299666902306,0.29431504357747507,0.3020299666902306,17.30504237782705,0.33514589215336005,17.30504237782705
20,7,Sudden,Speed,0.2097492919344755,0.22001175626228883,0.20974929193447553,12.017749183702845,0.26852612610355137,12.017749183702845
20,8,Sudden,Speed,0.2621010463866043,0.26831837830939814,0.26210104638660436,15.017283763915044,0.3436117083401848,15.017283763915044
20,9,Sudden,Speed,0.21273089438945994,0.2268139781885985,0.21273089438945994,12.1885824205593,0.24720794906152763,12.188582420559298
20,10,Sudden,Speed,0.25425999243348973,0.25256501903231543,0.2542599924334898,14.568024465467209,0.38042724626162344,14.568024465467209
20,11,Sudden,Speed,0.34872188755762124,0.32487777975992427,0.3487218875576213,19.980292380887356,0.47860201405212643,19.980292380887352
21,0,Sudden,Accuracy,0.09457083705559613,0.10925626513540508,0.09457083705559613,5.418509828305071,0.11044663483774014,5.418509828305071
21,1,Sudden,Accuracy,0.5169275536655284,0.5169275536655284,0.5169275536655284,29.61776713905715,1.2219269422911754,29.617767139057147
21,2,Sudden,Accuracy,0.5054623813538913,0.5054623813538913,0.5054623813538913,28.960861154210093,1.0916633980981965,28.96086115421009
21,3,Sudden,Accuracy,0.46755040392915914,0.46755040392915914,0.4675504039291592,26.788664854777686,0.9474016017929969,26.788664854777682
21,4,Sudden,Accuracy,0.45275480455790623,0.45275480455790623,0.4527548045579063,25.94093945543848,0.9349565316053264,25.94093945543848
21,5,Sudden,Accuracy,0.4661293472925107,0.4660890059334997,0.4661293472925107,26.707244307048672,0.9606535580180158,26.70724430704867
21,6,Sudden,Accuracy,0.4884689516611256,0.4884689516611256,0.48846895166112564,27.98720935336232,0.8703825431212541,27.987209353362317
21,7,Sudden,Accuracy,0.4668397512237896,0.4668397512237896,0.4668397512237897,26.74794745406046,0.8025545607761145,26.747947454060455
21,8,Sudden,Accuracy,0.45362441306399204,0.45362441306399204,0.4536244130639921,25.99076435266587,0.6961362634591406,25.990764352665867
21,9,Sudden,Accuracy,0.4499760634046868,0.4500672557113147,0.4499760634046869,25.78172931499969,0.8936974860885857,25.781729314999687
21,10,Sudden,Accuracy,0.46695245945611025,0.4669133140666454,0.4669524594561103,26.754405160088808,0.6749515496331325,26.754405160088808
21,11,Sudden,Accuracy,0.202716497728813,0.21000093715432078,0.202716497728813,11.614799757534325,0.22089324860205603,11.614799757534325
22,0,Gradual,Speed,0.07310683591750977,0.0768208665125414,0.07310683591750977,4.188713151628727,0.036815558994862885,4.188713151628727
22,1,Gradual,Speed,0.0647206172634449,0.0751343917088897,0.06472061726344491,3.7082182166769293,0.15508361770404597,3.708218216676929
22,2,Gradual,Speed,0.08842586279905124,0.1039959227016606,0.08842586279905125,5.066428738188509,0.1235801959122983,5.066428738188509
22,3,Gradual,Speed,0.1759453389104596,0.18170825077966118,0.17594533891045963,10.080925344568238,0.2976919768151333,10.080925344568238
22,4,Gradual,Speed,0.21575259751937015,0.22439614480483105,0.21575259751937015,12.361713256844626,0.33617110891888163,12.361713256844624
22,5,Gradual,Speed,0.13400543462088155,0.15827548120930293,0.13400543462088157,7.677945835592799,0.2720392265881492,7.677945835592798
22,6,Gradual,Speed,0.10342795706732867,0.12293176946245396,0.10342795706732869,5.925985423618209,0.307770953592943,5.925985423618209
22,7,Gradual,Speed,0.20106249104591706,0.21482095154079603,0.20106249104591709,11.520032155317955,0.4213135229720241,11.520032155317953
22,8,Gradual,Speed,0.38656279345002315,0.3852554070793315,0.38656279345002315,22.14841658147371,0.6710356527002598,22.148416581473708
22,9,Gradual,Speed,0.4572459102404729,0.4580199277655926,0.45724591024047295,26.198260856396768,0.5890486278164424,26.198260856396768
22,10,Gradual,Speed,0.2940582096617398,0.2980261862769969,0.29405820966173984,16.84829434479078,0.3558835543139977,16.84829434479078
22,11,Gradual,Speed,0.4466877822117877,0.4382308363814479,0.4466877822117877,25.593324680794325,0.5890486284749868,25.593324680794325
23,0,Gradual,Accuracy,0.07274685325138915,0.07321090717647728,0.07274685325138915,4.168087664162148,0.012271867047237133,4.168087664162148
23,1,Gradual,Accuracy,0.08286951475497646,0.0852010900234061,0.08286951475497646,4.748073445757254,0.09949145644554158,4.748073445757254
23,2,Gradual,Accuracy,0.09311364203469236,0.09550056873214056,0.09311364203469236,5.335018703679808,0.0903786901676041,5.335018703679808
23,3,Gradual,Accuracy,0.0839553011866049,0.09072524093731384,0.0839553011866049,4.810284425742132,0.0809189290795006,4.810284425742132
23,4,Gradual,Accuracy,0.11426503381018226,0.13405923032620268,0.11426503381018226,6.546904183243099,0.0965924200891734,6.546904183243099
23,5,Gradual,Accuracy,0.22492650255597402,0.23645863331317518,0.22492650255597404,12.887339297095837,0.2477386177892927,12.887339297095835
23,6,Gradual,Accuracy,0.24289527318742166,0.2479770206688018,0.24289527318742166,13.916874017316408,0.243344671169441,13.916874017316408
23,7,Gradual,Accuracy,0.26460817606171105,0.26371853808658396,0.26460817606171105,15.160931712990665,0.2704329979168477,15.160931712990665
23,8,Gradual,Accuracy,0.17816067611095926,0.201878487313666,0.17816067611095926,10.207854816355196,0.1885991774745798,10.207854816355194
23,9,Gradual,Accuracy,0.2450184411081766,0.2633644469002872,0.24501844110817664,14.038522578373234,0.3436117083401848,14.038522578373234
23,10,Gradual,Accuracy,0.3128435486200277,0.3158622099116592,0.3128435486200278,17.92461498382336,0.3899735792519283,17.924614983823357
23,11,Gradual,Accuracy,0.13857476436535654,0.1471848896613152,0.13857476436535657,7.939749145154806,0.14726217275917877,7.9397491451548055
24,0,Sudden,Speed,0.02614456876770115,0.02741789946050348,0.02614456876770115,1.4979734475788236,0.036815558994862885,1.4979734475788233
24,1,Sudden,Speed,0.44971557719785044,0.44938146910602406,0.44971557719785044,25.766804554726594,0.7617797317422682,25.76680455472659
24,2,Sudden,Speed,0.505161222965314,0.5053348997437109,0.5051612229653141,28.943606049579653,0.8106340547512456,28.94360604957965
24,3,Sudden,Speed,0.44818164141768535,0.44818164141768535,0.44818164141768535,25.678916508479023,0.7094358039597941,25.678916508479023
24,4,Sudden,Speed,0.3937664340939533,0.3936881154173953,0.3937664340939533,22.56115478749981,0.5358877676653003,22.56115478749981
24,5,Sudden,Speed,0.4470314323155159,0.446982272955478,0.44703143231551595,25.613014381367186,0.6537000083828012,25.613014381367183
24,6,Sudden,Speed,0.46127076593770644,0.46087721696923856,0.4612707659377065,26.428868100997434,0.6135923197640681,26.428868100997434
24,7,Sudden,Speed,0.4774971127313503,0.47731045253871174,0.4774971127313503,27.358569289188864,0.6415957582884942,27.35856928918886
24,8,Sudden,Speed,0.4425120512699208,0.44234946664142416,0.4425120512699209,25.354072921443166,0.6172066830334262,25.354072921443166
24,9,Sudden,Speed,0.48199162049945643,0.48215285424566057,0.48199162049945643,27.616085615290107,0.7447996288448661,27.616085615290103
24,10,Sudden,Speed,0.48670022926495504,0.4868058334294818,0.48670022926495504,27.88586902493148,0.6865755589552438,27.88586902493148
24,11,Sudden,Speed,0.36224699954723005,0.3603848495695595,0.3622469995472301,20.755224215333726,0.5154175519735651,20.755224215333726
25,0,Sudden,Accuracy,0.08807728751338889,0.0920444352819933,0.0880772875133889,5.04645684547749,0.012271867047237131,5.046456845477489
25,1,Sudden,Accuracy,0.5043251511439428,0.5046379311803091,0.5043251511439429,28.89570266284527,0.8415243163469384,28.895702662845267
25,2,Sudden,Accuracy,0.4243694392140041,0.4241014219435356,0.42436943921400416,24.314577821295973,0.6658639322092292,24.314577821295973
25,3,Sudden,Accuracy,0.3635536879152311,0.36352175521080055,0.3635536879152311,20.830091943959026,0.40429093529933907,20.830091943959022
25,4,Sudden,Accuracy,0.3563728680779244,0.3570522752308249,0.35637286807792445,20.418661273837532,0.3427263811709405,20.418661273837532
25,5,Sudden,Accuracy,0.30141171603549993,0.3024521558017579,0.3014117160355,17.269619224629785,0.3076424803880724,17.269619224629785
25,6,Sudden,Accuracy,0.32617109874080347,0.33480776338419843,0.32617109874080347,18.68822735699288,0.3313398623663719,18.68822735699288
25,7,Sudden,Accuracy,0.23100881889260977,0.24548579832695086,0.2310088188926098,13.235830352848536,0.17031479878613176,13.235830352848536
25,8,Sudden,Accuracy,0.1837763530605802,0.19760668318865954,0.1837763530605802,10.529609404677377,0.14726217275917877,10.529609404677375
25,9,Sudden,Accuracy,0.13282164700430898,0.14850953973590061,0.132821647004309,7.61011980132334,0.06135925094248864,7.610119801323339
25,10,Sudden,Accuracy,0.14447882219031433,0.15967929221447608,0.14447882219031433,8.278026740526075,0.12271848081155302,8.278026740526075
25,11,Sudden,Accuracy,0.26095793455818184,0.26796556729999527,0.26095793455818184,14.951788280634952,0.25770878652349466,14.951788280634952
26,0,Gradual,Speed,0.09376260629587448,0.10821068275316996,0.09376260629587449,5.3722016169003695,0.14726217275917877,5.372201616900369
26,1,Gradual,Speed,0.09434072021910725,0.10828185060266779,0.09434072021910725,5.405325104779356,0.1722005562618491,5.405325104779356
26,2,Gradual,Speed,0.1028540903275853,0.12003099893953624,0.10285409032758532,5.893105281427982,0.14946831675385716,5.893105281427981
26,3,Gradual,Speed,0.17879095840401538,0.19442570023408787,0.17879095840401538,10.243967331649138,0.21570531933490295,10.243967331649136
26,4,Gradual,Speed,0.1984370389732614,0.21393447377548613,0.1984370389732614,11.36960483224091,0.24996530430949448,11.369604832240908
26,5,Gradual,Speed,0.20545677753883135,0.22325850174016915,0.20545677753883135,11.771806225333286,0.36737718875029934,11.771806225333284
26,6,Gradual,Speed,0.2590315719512935,0.2684674259207308,0.2590315719512935,14.841415833448432,0.3924374672094967,14.84141583344843
26,7,Gradual,Speed,0.29183123042258674,0.29988436366485477,0.29183123042258674,16.720697833324053,0.5342772000785974,16.720697833324053
26,8,Gradual,Speed,0.18987680211724214,0.20236874289241719,0.18987680211724217,10.87913938875867,0.3703003473839297,10.879139388758668
26,9,Gradual,Speed,0.1826664049405036,0.2051934976045111,0.18266640494050362,10.466014061918507,0.3301268192724395,10.466014061918505
26,10,Gradual,Speed,0.1531213786369642,0.17066993278590017,0.15312137863696423,8.773208749122697,0.1840777113391619,8.773208749122695
26,11,Gradual,Speed,0.4133003681615033,0.4032282589340596,0.41330036816150334,23.680366766857244,0.49087386068448385,23.680366766857244
27,0,Gradual,Accuracy,0.06636779819364358,0.07487884184267496,0.06636779819364358,3.802594732071746,0.04908740496867576,3.802594732071746
27,1,Gradual,Accuracy,0.03814276324367244,0.04178480487272932,0.038142763243672446,2.185419352829157,0.05371706833544633,2.185419352829157
27,2,Gradual,Accuracy,0.07826069787989232,0.09198110960267301,0.07826069787989232,4.484007690266259,0.08039913353450415,4.484007690266259
27,3,Gradual,Accuracy,0.1085887039888065,0.12643216354660813,0.10858870398880652,6.221674441354021,0.08234810860536797,6.221674441354021
27,4,Gradual,Accuracy,0.11171075701407378,0.13030236442577198,0.11171075701407378,6.400554903117886,0.09745724148799487,6.400554903117886
27,5,Gradual,Accuracy,0.19658068443495758,0.21448161190413495,0.1965806844349576,11.263243551916146,0.15691281521807232,11.263243551916144
27,6,Gradual,Accuracy,0.2594624574763829,0.2589319052507268,0.2594624574763829,14.866103755489336,0.15524954201406674,14.866103755489334
27,7,Gradual,Accuracy,0.27479207373303416,0.26894466266016454,0.2747920737330342,15.744426068550588,0.2171208217857663,15.744426068550586
27,8,Gradual,Accuracy,0.3205344395375668,0.3094226451488216,0.3205344395375668,18.36527057409384,0.3179735593643508,18.36527057409384
27,9,Gradual,Accuracy,0.4356751678994589,0.42204809686369293,0.4356751678994589,24.96234835929252,0.5568145382162032,24.96234835929252
27,10,Gradual,Accuracy,0.3069913358006814,0.29918625438391117,0.3069913358006814,17.589307888462457,0.3926990922354363,17.589307888462457
27,11,Gradual,Accuracy,0.5305088868766125,0.5273745555218347,0.5305088868766126,30.395920212213124,0.6013204737902552,30.39592021221312
28,0,Sudden,Speed,0.07008185439769185,0.0777910025275846,0.07008185439769186,4.015394477438091,0.049087404968675766,4.015394477438091
28,1,Sudden,Speed,0.31586061054757014,0.3185678346892225,0.3158606105475702,18.097479898801147,0.803580447695193,18.097479898801144
28,2,Sudden,Speed,0.22919800878822996,0.22949673097183562,0.22919800878823,13.13207857636793,0.801169344142875,13.13207857636793
28,3,Sudden,Speed,0.16791059955711654,0.17746226241619475,0.16791059955711657,9.620568690134009,0.45405832539722324,9.620568690134009
28,4,Sudden,Speed,0.1267646648289579,0.1502984164286516,0.12676466482895793,7.263080286089754,0.22089324926060055,7.263080286089754
28,5,Sudden,Speed,0.11186027658702108,0.12980012187021664,0.11186027658702109,6.409121743602365,0.25770878718203916,6.409121743602365
28,6,Sudden,Speed,0.18872482235659224,0.1901773594743219,0.18872482235659224,10.813135810388939,0.4540583247386787,10.813135810388939
28,7,Sudden,Speed,0.13954616209490744,0.16584223948058688,0.13954616209490747,7.9954061352866646,0.23316509523441342,7.995406135286664
28,8,Sudden,Speed,0.08332543725676968,0.09080062466851425,0.08332543725676968,4.774195880895051,0.5522330977975377,4.774195880895051
28,9,Sudden,Speed,0.10766010675501504,0.1175903648818657,0.10766010675501506,6.168469738990248,0.3486390643746271,6.168469738990247
28,10,Sudden,Speed,0.08816584459706607,0.09969447828834022,0.08816584459706608,5.051530792618179,0.17180586536534903,5.051530792618179
28,11,Sudden,Speed,0.11414320354584513,0.12979461068395776,0.11414320354584513,6.5399238232796195,0.12271848147009753,6.539923823279619
29,0,Sudden,Accuracy,0.043915570858416735,0.04890238565998972,0.04391557085841674,2.5161768650949887,0.02454371302105001,2.5161768650949887
29,1,Sudden,Accuracy,0.529669379825122,0.529669379825122,0.5296693798251221,30.347820001291247,1.3261818566268484,30.347820001291243
29,2,Sudden,Accuracy,0.45553845295779616,0.45529965915031095,0.45553845295779616,26.100430760400513,0.8707894418259532,26.10043076040051
29,3,Sudden,Accuracy,0.42116089323687217,0.4197731832718275,0.4211608932368722,24.130741678432635,0.6123114909889253,24.130741678432635
29,4,Sudden,Accuracy,0.40843071573166523,0.40889695353747557,0.4084307157316653,23.401356234931896,0.553852287858399,23.401356234931896
29,5,Sudden,Accuracy,0.3706117012030684,0.3681280839543003,0.37061170120306847,21.234486317099357,0.5199171248629453,21.234486317099357
29,6,Sudden,Accuracy,0.3831036718464049,0.38331663741190913,0.3831036718464049,21.950223512763863,0.46086283325020316,21.95022351276386
29,7,Sudden,Accuracy,0.39168183320192634,0.39254664483179885,0.39168183320192634,22.44171595441746,0.5378893441134134,22.441715954417457
29,8,Sudden,Accuracy,0.37216984612614895,0.37094227664155754,0.37216984612614895,21.323761445061606,0.4117177571568765,21.323761445061603
29,9,Sudden,Accuracy,0.36708419075550347,0.36248765497163316,0.36708419075550347,21.03237485626558,0.5416289984479717,21.032374856265577
29,10,Sudden,Accuracy,0.23610236124669862,0.23886703063092565,0.23610236124669864,13.527668832508958,0.19352957372565566,13.527668832508958
29,11,Sudden,Accuracy,0.1291949064878758,0.13628413209378792,0.12919490648787582,7.402322876342621,0.0859029428901144,7.4023228763426205
30,0,Gradual,Speed,0.0753575727448962,0.08324802648898252,0.0753575727448962,4.317670872632634,0.07363109691630151,4.317670872632634
30,1,Gradual,Speed,0.07375887900768574,0.08337548303010123,0.07375887900768574,4.226072468756478,0.08458800853285857,4.226072468756478
30,2,Gradual,Speed,0.08059611376211372,0.09312988741159269,0.08059611376211372,4.617817163725367,0.09166011083014435,4.617817163725367
30,3,Gradual,Speed,0.1026232096789372,0.12096273132166502,0.10262320967893722,5.879876794689203,0.11006513242649124,5.879876794689202
30,4,Gradual,Speed,0.30612281172197325,0.31155664514703785,0.30612281172197325,17.539545124346994,0.2996430521386038,17.53954512434699
30,5,Gradual,Speed,0.3375354420697793,0.32665633311868175,0.33753544206977937,19.33935626668085,0.30738783269917325,19.33935626668085
30,6,Gradual,Speed,0.4360279510496141,0.4333154749513234,0.4360279510496141,24.98256134487974,0.5248087927188916,24.98256134487974
30,7,Gradual,Speed,0.4054724953575206,0.4010481279582859,0.40547249535752067,23.2318626926238,0.611819337137408,23.231862692623796
30,8,Gradual,Speed,0.42894336759391694,0.4308278584926475,0.42894336759391694,24.576644613260086,0.7583193556220515,24.576644613260086
30,9,Gradual,Speed,0.5050649481482204,0.5041640487917495,0.5050649481482204,28.938089908886795,0.735847235902731,28.938089908886795
30,10,Gradual,Speed,0.5088969130466696,0.5049364126086698,0.5088969130466696,29.15764532481021,0.6866021589725662,29.15764532481021
30,11,Gradual,Speed,0.46705341521448074,0.4630476890439891,0.4670534152144808,26.76018949896098,0.625864165737881,26.76018949896098
31,0,Gradual,Accuracy,0.07049787696490033,0.07265420208792177,0.07049787696490034,4.039230814721335,0.012271867047237131,4.039230814721335
31,1,Gradual,Accuracy,0.06798896951856732,0.07037132762997156,0.06798896951856732,3.895481006857508,0.09587841227176089,3.895481006857508
31,2,Gradual,Accuracy,0.11338493106637267,0.11560943579370629,0.11338493106637267,6.4964780104849265,0.11753339000291237,6.4964780104849265
31,3,Gradual,Accuracy,0.14424051311454633,0.14992334975378005,0.14424051311454636,8.264372636264907,0.17944291053463865,8.264372636264907
31,4,Gradual,Accuracy,0.13227527646795478,0.13772787338995515,0.13227527646795478,7.578815075539945,0.19559586977943677,7.578815075539945
31,5,Gradual,Accuracy,0.1608718978365224,0.16770679203746774,0.1608718978365224,9.217280788292493,0.2688090221758036,9.217280788292491
31,6,Gradual,Accuracy,0.22505680102469344,0.22415283002566125,0.22505680102469347,12.894804849430477,0.3895103885949995,12.894804849430475
31,7,Gradual,Accuracy,0.24312005742632817,0.24645121027025524,0.2431200574263282,13.929753205506811,0.46433064529541684,13.929753205506811
31,8,Gradual,Accuracy,0.19073876474116405,0.19433422549330293,0.19073876474116405,10.928526209207417,0.3190367592704967,10.928526209207416
31,9,Gradual,Accuracy,0.2438610923352007,0.24817575396070718,0.24386109233520073,13.972211378257072,0.13580947092005533,13.97221137825707
31,10,Gradual,Accuracy,0.2620683597767954,0.2666775342532236,0.26206835977679543,15.015410959126402,0.1468987014036153,15.0154109591264
31,11,Gradual,Accuracy,0.35112560754289507,0.3519330150286124,0.35112560754289507,20.11801539117479,0.11044663483774014,20.11801539117479
32,0,Sudden,Speed,0.041628960806459114,0.04811995024671139,0.04162896080645912,2.385163759725627,0.036815558994862885,2.385163759725627
32,1,Sudden,Speed,0.42466872612830137,0.42466872612830137,0.4246687261283014,24.3317256983487,0.6372041090036835,24.3317256983487
32,2,Sudden,Speed,0.44535082739322485,0.44535082739322485,0.4453508273932249,25.516722812290997,0.8043702635713467,25.516722812290997
32,3,Sudden,Speed,0.4198325829294691,0.4198325829294691,0.4198325829294692,24.054635103934714,0.7485826274516433,24.054635103934714
32,4,Sudden,Speed,0.38886556982530374,0.38886556982530374,0.38886556982530374,22.28035594893972,0.5614671715374278,22.28035594893972
32,5,Sudden,Speed,0.38977036049926944,0.38977036049926944,0.38977036049926944,22.332196635900754,0.5689652602710986,22.332196635900754
32,6,Sudden,Speed,0.38874903909023834,0.38874903909023834,0.38874903909023834,22.27367922963692,0.5843922219648171,22.273679229636915
32,7,Sudden,Speed,0.3646057349197726,0.3646057349197726,0.3646057349197726,20.89036979716863,0.4621010604396515,20.89036979716863
32,8,Sudden,Speed,0.3734754306032489,0.3734754306032489,0.3734754306032489,21.39856592539723,0.6093651382209,21.398565925397225
32,9,Sudden,Speed,0.3962870903934962,0.3962638520332492,0.3962870903934962,22.705577755066685,0.5154175519735651,22.70557775506668
32,10,Sudden,Speed,0.3709640260949514,0.37080514739492704,0.37096402609495144,21.254673046421654,0.47860201405212643,21.254673046421654
32,11,Sudden,Speed,0.3995455922638175,0.39995491319584764,0.39954559226381753,22.89227615977158,0.7240389341869286,22.892276159771576
33,0,Sudden,Accuracy,0.07731793084984108,0.08345213200607593,0.07731793084984108,4.42999111838024,0.0859029428901144,4.42999111838024
33,1,Sudden,Accuracy,0.5157554770502798,0.5157554770502798,0.5157554770502799,29.550612095737428,0.8449340298945159,29.550612095737424
33,2,Sudden,Accuracy,0.4690479874123484,0.4686703994546388,0.46904798741234843,26.87447006783293,0.7637734712567298,26.874470067832927
33,3,Sudden,Accuracy,0.4811026232819076,0.48231177159326283,0.48110262328190767,27.565149826725687,0.6845910637276198,27.565149826725687
33,4,Sudden,Accuracy,0.40876478067437894,0.40296554228360887,0.408764780674379,23.420496746232672,0.6324417484121434,23.420496746232672
33,5,Sudden,Accuracy,0.35100559378130564,0.34986119289049483,0.3510055937813057,20.11113910915223,0.6078379816720098,20.11113910915223
33,6,Sudden,Accuracy,0.36896846715379544,0.3669821429093163,0.36896846715379544,21.140335941323823,0.5667577889481596,21.14033594132382
33,7,Sudden,Accuracy,0.3087191370282429,0.3076673419436805,0.3087191370282429,17.688303606639256,0.5294587066613521,17.688303606639252
33,8,Sudden,Accuracy,0.3149073925057224,0.3137302272532929,0.3149073925057224,18.042864528047545,0.4428296926588496,18.042864528047545
33,9,Sudden,Accuracy,0.35654137012938986,0.353450107847313,0.3565413701293899,20.4283157302258,0.497693905241263,20.428315730225798
33,10,Sudden,Accuracy,0.31820056379205525,0.31880085280842385,0.31820056379205525,18.231549343968084,0.5131998492068536,18.231549343968084
33,11,Sudden,Accuracy,0.46061601652822254,0.45993486043502985,0.4606160165282226,26.391353723195323,0.6381360117116939,26.391353723195323
34,0,Gradual,Speed,0.060447951180867265,0.06577479460804393,0.06044795118086727,3.4634124828765356,0.036815558994862885,3.463412482876535
34,1,Gradual,Speed,0.08232160432144846,0.09089288149135168,0.08232160432144847,4.716680490364916,0.1057321445605452,4.716680490364916
34,2,Gradual,Speed,0.06076711689323745,0.06829727773268031,0.06076711689323746,3.4816993311606335,0.08813440298589789,3.4816993311606335
34,3,Gradual,Speed,0.11231218695464976,0.12581500335688117,0.11231218695464977,6.435014300385694,0.11835229440983096,6.435014300385693
34,4,Gradual,Speed,0.14164632863909965,0.1587589421527351,0.14164632863909968,8.115736814543453,0.13785320161533127,8.115736814543453
34,5,Gradual,Speed,0.2029246313090967,0.1994154576883419,0.2029246313090967,11.626724933259526,0.16483986484016316,11.626724933259524
34,6,Gradual,Speed,0.29161879842078403,0.29048865057980106,0.29161879842078403,16.70852637618724,0.2548916349627368,16.70852637618724
34,7,Gradual,Speed,0.3199436744813888,0.31429730352884055,0.3199436744813888,18.331422229691036,0.3644983758420564,18.331422229691036
34,8,Gradual,Speed,0.3958901361595779,0.3908664468704624,0.3958901361595779,22.682833952803318,0.5611668532815125,22.682833952803314
34,9,Gradual,Speed,0.4328288568911689,0.43126535772858127,0.43282885689116896,24.799266751335878,0.6013204737902552,24.799266751335878
34,10,Gradual,Speed,0.4237917254993761,0.42197581820141267,0.4237917254993761,24.281477263680962,0.5890486278164424,24.281477263680962
34,11,Gradual,Speed,0.4803101368521869,0.48035363830882066,0.4803101368521869,27.519743698981298,0.6749515496331325,27.519743698981294
35,0,Gradual,Accuracy,0.07392840573954437,0.07992644713038145,0.07392840573954437,4.235785635006624,0.036815558994862885,4.235785635006624
35,1,Gradual,Accuracy,0.09460249262342621,0.09717685247074868,0.09460249262342622,5.420323558739826,0.08044486512658573,5.420323558739825
35,2,Gradual,Accuracy,0.1332665065883122,0.136554347307677,0.1332665065883122,7.63560837796267,0.09320828807892564,7.635608377962669
35,3,Gradual,Accuracy,0.16848449851540398,0.17035675671171438,0.168484498515404,9.653450678310833,0.09274573610150282,9.653450678310833
35,4,Gradual,Accuracy,0.14524393987986747,0.14558209314903972,0.14524393987986747,8.321864754968272,0.1311208877195338,8.32186475496827
35,5,Gradual,Accuracy,0.1398623074347862,0.141254464282949,0.1398623074347862,8.013519928974445,0.16081016278391924,8.013519928974445
35,6,Gradual,Accuracy,0.17446278939320722,0.1761077672103013,0.17446278939320722,9.995981514310518,0.12964723329267203,9.995981514310518
35,7,Gradual,Accuracy,0.24815628882303775,0.24789656578965233,0.24815628882303778,14.218308009189547,0.24810163393322227,14.218308009189547
35,8,Gradual,Accuracy,0.2488368704364982,0.24933884049038,0.2488368704364982,14.257302463255034,0.3073052014052302,14.257302463255034
35,9,Gradual,Accuracy,0.2498191243481464,0.2545828172254634,0.24981912434814643,14.313581466802693,0.07580337176807317,14.313581466802693
35,10,Gradual,Accuracy,0.24679470242939572,0.2502748382516205,0.24679470242939572,14.14029485539142,0.10538554699714983,14.140294855391419
35,11,Gradual,Accuracy,0.2805846034488797,0.2790504659591899,0.2805846034488797,16.076313573972648,0.06135925094248864,16.076313573972648
36,0,Sudden,Speed,0.0387952078214802,0.04288894700903446,0.03879520782148021,2.222801673503737,0.02454371302105001,2.2228016735037364
36,1,Sudden,Speed,0.5447192424336167,0.5444446084572292,0.5447192424336168,31.210113611009742,1.0814450906441102,31.210113611009742
36,2,Sudden,Speed,0.4544631379392433,0.4544631379392433,0.4544631379392433,26.038819748190402,0.7222176708976724,26.038819748190402
36,3,Sudden,Speed,0.39211266511596354,0.3903797871133234,0.3921126651159636,22.466400804771336,0.8285563158115555,22.466400804771336
36,4,Sudden,Speed,0.12548736051460482,0.14306351329825986,0.12548736051460482,7.189896139723471,0.3436117122914518,7.18989613972347
36,5,Sudden,Speed,0.04688605042385554,0.05386550516848431,0.04688605042385554,2.6863728073244872,0.0859029428901144,2.686372807324487
36,6,Sudden,Speed,0.14416152197159698,0.1621244478953235,0.144161521971597,8.259846777154994,0.1790661570494414,8.259846777154994
36,7,Sudden,Speed,0.042416928361751066,0.04710454600527092,0.042416928361751066,2.4303109750370973,0.024543713021050007,2.4303109750370973
36,8,Sudden,Speed,0.06221693251440079,0.07301035567552859,0.062216932514400795,3.5647676473254304,0.07363109691630151,3.56476764732543
36,9,Sudden,Speed,0.05598420433201792,0.06330863313027085,0.05598420433201792,3.207658627622647,0.07363109757484602,3.207658627622647
36,10,Sudden,Speed,0.04228454029228368,0.04768499618886024,0.04228454029228368,2.4227256973987314,0.036815558994862885,2.422725697398731
36,11,Sudden,Speed,0.09230586410293452,0.11043892044688851,0.09230586410293454,5.2887364374062775,0.18407771133916193,5.2887364374062775
37,0,Sudden,Accuracy,0.0631101246018795,0.06996617324281243,0.0631101246018795,3.61594378423244,0.07363109691630151,3.6159437842324396
37,1,Sudden,Accuracy,0.13631735161731393,0.15121639368549522,0.13631735161731395,7.810408922072936,0.655435218988305,7.810408922072935
37,2,Sudden,Accuracy,0.2712759167018853,0.2672214147397729,0.2712759167018853,15.542965110560507,0.7117670947985606,15.542965110560507
37,3,Sudden,Accuracy,0.29807154631925276,0.3011595480179236,0.2980715463192528,17.078241597031415,0.4049709388677937,17.07824159703141
37,4,Sudden,Accuracy,0.2659431065536521,0.29116189678096643,0.2659431065536521,15.23741759612221,0.3558835549725422,15.237417596122208
37,5,Sudden,Accuracy,0.2426240451148959,0.24355569996192622,0.24262404511489594,13.901333793475215,0.40999829095096896,13.901333793475215
37,6,Sudden,Accuracy,0.13496562051729769,0.1612668629622054,0.1349656205172977,7.732960435005429,0.20137690873760555,7.732960435005428
37,7,Sudden,Accuracy,0.2464483307277666,0.2482422835950113,0.24644833072776662,14.120449218745307,0.31182352250192147,14.120449218745307
37,8,Sudden,Accuracy,0.2564620397081795,0.24189367894894598,0.2564620397081795,14.694192480595216,0.4417864774477768,14.694192480595214
37,9,Sudden,Accuracy,0.10861115675716612,0.12847115557671038,0.10861115675716612,6.222960890219412,0.14726217275917877,6.222960890219412
37,10,Sudden,Accuracy,0.12442501837562642,0.15061261080574836,0.12442501837562642,7.129028418761108,0.23316509556368567,7.1290284187611075
37,11,Sudden,Accuracy,0.071675485108791,0.08183669604942263,0.07167548510879101,4.106702791286505,0.11044663483774014,4.106702791286505
38,0,Gradual,Speed,0.049686550469278654,0.05760288024196941,0.049686550469278654,2.846829640453427,0.036815558994862885,2.8468296404534263
38,1,Gradual,Speed,0.05261018393631107,0.059589675375426775,0.052610183936311075,3.0143414989575845,0.08599760226348217,3.0143414989575845
38,2,Gradual,Speed,0.1201130345808448,0.13715330799899925,0.12011303458084481,6.881969945991317,0.1347005618495314,6.881969945991316
38,3,Gradual,Speed,0.19014573057523332,0.21179669478995436,0.19014573057523332,10.894547854392524,0.1691009284447747,10.894547854392524
38,4,Gradual,Speed,0.24276535811690764,0.2624317062414477,0.24276535811690764,13.90943043208081,0.3060682310166972,13.909430432080809
38,5,Gradual,Speed,0.20618116508593046,0.21744236088207217,0.20618116508593046,11.813310574513899,0.3377016772882739,11.813310574513899
38,6,Gradual,Speed,0.23524440435839683,0.2497257237414987,0.23524440435839686,13.478511523805087,0.3064322639276523,13.478511523805087
38,7,Gradual,Speed,0.22462480035938917,0.2406025896184207,0.2246248003593892,12.870053034561698,0.3671697584103519,12.870053034561698
38,8,Gradual,Speed,0.2483991758658533,0.26066989459696854,0.24839917586585333,14.232224411641292,0.3054280366284202,14.23222441164129
38,9,Gradual,Speed,0.42596450716742884,0.4171108499990913,0.4259645071674289,24.40596848306378,0.5899696254578655,24.405968483063777
38,10,Gradual,Speed,0.3631526066634055,0.36156643360410745,0.3631526066634055,20.807111680987592,0.41724278418306204,20.80711168098759
38,11,Gradual,Speed,0.5071905754526776,0.5051608530606733,0.5071905754526776,29.059879382249964,0.7117670901887492,29.05987938224996
39,0,Gradual,Accuracy,0.07294468679262796,0.0741572081880713,0.07294468679262796,4.17942269112126,2.1073424255447017e-08,4.1794226911212595
39,1,Gradual,Accuracy,0.0802260749473063,0.0846826971577632,0.0802260749473063,4.596615501380879,0.09597550134084123,4.596615501380879
39,2,Gradual,Accuracy,0.08122167759084278,0.0827592323400435,0.08122167759084278,4.653659330927588,0.09078333527513148,4.653659330927588
39,3,Gradual,Accuracy,0.11826079130848668,0.12217757499641357,0.1182607913084867,6.775844223853697,0.1168670018345365,6.775844223853696
39,4,Gradual,Accuracy,0.15602564072869976,0.15970552968929821,0.1560256407286998,8.93961070957898,0.1336389898466704,8.939610709578979
39,5,Gradual,Accuracy,0.1550179255470821,0.1578549900813018,0.15501792554708213,8.881872882721028,0.20216603697014418,8.881872882721028
39,6,Gradual,Accuracy,0.17058445847981535,0.17284648812014725,0.17058445847981538,9.773769521418048,0.22868920268372459,9.773769521418048
39,7,Gradual,Accuracy,0.19646732502610864,0.20742137911932731,0.19646732502610867,11.256748536221004,0.2607238951904203,11.256748536221002
39,8,Gradual,Accuracy,0.2752197366065297,0.27802816802246544,0.2752197366065297,15.76892934625632,0.39423683267701093,15.768929346256318
39,9,Gradual,Accuracy,0.2510897489220052,0.26112059927297543,0.2510897489220052,14.386382892230412,0.317188307821182,14.38638289223041
39,10,Gradual,Accuracy,0.23272415150642314,0.24694171749146349,0.23272415150642317,13.334111672081187,0.2569941049928027,13.334111672081185
39,11,Gradual,Accuracy,0.4346982830092485,0.43487700717921995,0.43469828300924857,24.906376978013366,0.3681554002878106,24.906376978013363
40,0,Sudden,Speed,0.05817708080622043,0.06768474080981123,0.05817708080622044,3.3333011945879796,0.0859029428901144,3.333301194587979
40,1,Sudden,Speed,0.5126712179839106,0.5126712179839106,0.5126712179839107,29.37389706830951,1.804130709660012,29.373897068309507
40,2,Sudden,Speed,0.5270150308282712,0.5270150308282712,0.5270150308282712,30.19573700641691,1.8523135316252994,30.19573700641691
40,3,Sudden,Speed,0.5162225436645059,0.5162225436645059,0.5162225436645059,29.577373041484048,1.8195614077304252,29.577373041484044
40,4,Sudden,Speed,0.5167111623077718,0.5167111623077718,0.5167111623077719,29.60536882753459,1.8030842597517123,29.605368827534587
40,5,Sudden,Speed,0.5118383626239024,0.5118383626239024,0.5118383626239025,29.32617797123619,1.7799236845602437,29.326177971236188
40,6,Sudden,Speed,0.5162444144960049,0.5162444144960049,0.5162444144960049,29.578626147823375,1.7762100172272879,29.578626147823375
40,7,Sudden,Speed,0.5086824809862371,0.5086824809862371,0.5086824809862371,29.145359272755133,1.9443371814797692,29.145359272755133
40,8,Sudden,Speed,0.504661812606808,0.504661812606808,0.5046618126068081,28.914991943792142,1.7947612385928196,28.914991943792142
40,9,Sudden,Speed,0.5177698087892643,0.5177698087892643,0.5177698087892644,29.666024802920486,1.6956553274012771,29.666024802920482
40,10,Sudden,Speed,0.5055513431759319,0.5055513431759319,0.505551343175932,28.965958291150812,1.3762079527368634,28.96595829115081
40,11,Sudden,Speed,0.054779062999060484,0.06363727190439597,0.05477906299906049,3.138609115527416,0.049087404968675766,3.138609115527416
41,0,Sudden,Accuracy,0.07666109039573595,0.07784483147692818,0.07666109039573595,4.3923569325465595,0.012271867047237133,4.3923569325465595
41,1,Sudden,Accuracy,0.3020582513295132,0.30534436491350875,0.3020582513295132,17.306662968282993,0.4581175579704369,17.306662968282993
41,2,Sudden,Accuracy,0.18283170791971326,0.18780698871281834,0.1828317079197133,10.475485224968159,0.0859029428901144,10.475485224968159
41,3,Sudden,Accuracy,0.16697560052879704,0.18130004876740802,0.16697560052879704,9.566997191962468,0.11044663483774014,9.566997191962466
41,4,Sudden,Accuracy,0.14330424374066691,0.15669683362098127,0.14330424374066691,8.21072835265426,0.1377903004405164,8.21072835265426
41,5,Sudden,Accuracy,0.12517446305061192,0.1315606931042813,0.12517446305061194,7.171968435616332,0.07363109691630151,7.171968435616331
41,6,Sudden,Accuracy,0.1118135354260235,0.11440505595508299,0.1118135354260235,6.406443672347662,0.04908740496867576,6.406443672347661
41,7,Sudden,Accuracy,0.09799627054678753,0.10599656830756328,0.09799627054678753,5.614772710353102,0.09817478886392728,5.614772710353101
41,8,Sudden,Accuracy,0.09925014834181056,0.10589611054195673,0.09925014834181056,5.686614616033092,0.07363109691630151,5.686614616033091
41,9,Sudden,Accuracy,0.09601878273626635,0.10121342782578814,0.09601878273626636,5.501471004771672,0.0439731686480029,5.501471004771672
41,10,Sudden,Accuracy,0.09241673000713906,0.09794300559709766,0.09241673000713906,5.295088585809099,0.07363109691630151,5.295088585809098
41,11,Sudden,Accuracy,0.08570270626755741,0.08944756585857404,0.08570270626755742,4.910403361980428,0.036815558994862885,4.910403361980428
42,0,Gradual,Speed,0.1597032061843908,0.16382269184825982,0.15970320618439082,9.150319689073182,0.1695887228993422,9.15031968907318
42,1,Gradual,Speed,0.16919693836523214,0.175686388795489,0.16919693836523214,9.694270474862922,0.21492285245174014,9.69427047486292
42,2,Gradual,Speed,0.20988840211126614,0.21612608611491635,0.20988840211126614,12.025719609720268,0.2196207015964312,12.025719609720266
42,3,Gradual,Speed,0.2949422650740358,0.29077240249388137,0.2949422650740358,16.898946988771037,0.3532089364781604,16.898946988771037
42,4,Gradual,Speed,0.3527198009628709,0.3516382943540287,0.352719800962871,20.20935594586694,0.47503120236241436,20.209355945866935
42,5,Gradual,Speed,0.35159722895839807,0.34856207342675416,0.3515972289583981,20.1450373078111,0.5624191215206412,20.1450373078111
42,6,Gradual,Speed,0.22608640906471902,0.23283941060772637,0.22608640906471905,12.95379704467668,0.4629216979074721,12.953797044676678
42,7,Gradual,Speed,0.2796814277619381,0.28041794498258915,0.2796814277619381,16.02456541895207,0.4573919075900986,16.02456541895207
42,8,Gradual,Speed,0.3790322828457761,0.3761724440463739,0.37903228284577617,21.716950106271845,0.5475788201403754,21.716950106271845
42,9,Gradual,Speed,0.4860613524116091,0.4841056072298847,0.4860613524116091,27.84926407760616,0.8165876993423555,27.849264077606158
42,10,Gradual,Speed,0.4533067152071722,0.4526085855583467,0.45330671520717225,25.972561606309743,0.6606189888393322,25.97256160630974
42,11,Gradual,Speed,0.27398697987058307,0.27908206987088957,0.27398697987058307,15.698297588120251,0.5645049365273611,15.69829758812025
43,0,Gradual,Accuracy,0.05291520491558911,0.056770987611765515,0.05291520491558912,3.031817913733164,0.036815558994862885,3.031817913733164
43,1,Gradual,Accuracy,0.07976559052533934,0.0917955286220997,0.07976559052533935,4.570231687470652,0.08826652209894019,4.570231687470652
43,2,Gradual,Accuracy,0.10006179641333694,0.1091890851426517,0.10006179641333696,5.733118624981485,0.10410465993197335,5.733118624981485
43,3,Gradual,Accuracy,0.1410739164520889,0.14817811032021483,0.1410739164520889,8.082940012085881,0.152501406685891,8.082940012085881
43,4,Gradual,Accuracy,0.1488384887760208,0.1523335573185779,0.14883848877602082,8.527817235971266,0.22160705969765926,8.527817235971266
43,5,Gradual,Accuracy,0.15768666882599747,0.16426601055110845,0.1576866688259975,9.034780609206784,0.24149828411297888,9.034780609206784
43,6,Gradual,Accuracy,0.0956334842684674,0.10370602159039854,0.09563348426846742,5.479395028713936,0.18572060648679448,5.4793950287139355
43,7,Gradual,Accuracy,0.11323361100008845,0.12504296023035177,0.11323361100008847,6.487808009331202,0.15080261450461074,6.487808009331202
43,8,Gradual,Accuracy,0.12882498803692122,0.14720542975080583,0.12882498803692122,7.381128110338906,0.17110884952854313,7.3811281103389055
43,9,Gradual,Accuracy,0.19562200255365514,0.21614920348554026,0.19562200255365517,11.208315126221853,0.14726217275917877,11.208315126221853
43,10,Gradual,Accuracy,0.17367878320714703,0.19516513055300785,0.17367878320714705,9.951061268737122,0.15953401873299167,9.95106126873712
43,11,Gradual,Accuracy,0.16069886091929922,0.1757836133120805,0.16069886091929922,9.20736650323565,0.11044663483774014,9.207366503235649
44,0,Sudden,Speed,0.07759395190169305,0.0928900130378073,0.07759395190169305,4.44580595970812,0.0786584489994768,4.445805959708119
44,1,Sudden,Speed,0.5217328282178896,0.5212498983422998,0.5217328282178897,29.89308909030906,1.2905798860454947,29.893089090309058
44,2,Sudden,Speed,0.4894382820240834,0.4894722023316098,0.4894382820240834,28.042747892113688,0.8838955064920755,28.042747892113685
44,3,Sudden,Speed,0.4812900531574812,0.4812900531574812,0.4812900531574812,27.575888767550715,0.9116478986302489,27.575888767550712
44,4,Sudden,Speed,0.4798432775327103,0.4798432775327103,0.47984327753271033,27.49299463034894,0.9240407105910059,27.492994630348935
44,5,Sudden,Speed,0.4827930774087746,0.4827930774087746,0.48279307740877464,27.66200571365564,0.917665228148112,27.662005713655635
44,6,Sudden,Speed,0.48665324470846755,0.4867700459081828,0.4866532447084676,27.883177008142454,0.7967646794925018,27.883177008142454
44,7,Sudden,Speed,0.49354986124305356,0.4927547104647577,0.4935498612430536,28.278324028494374,0.8222137032945205,28.27832402849437
44,8,Sudden,Speed,0.48847527696014564,0.48847527696014564,0.4884752769601457,27.98757176630033,1.066581284507864,27.987571766300327
44,9,Sudden,Speed,0.4892592882323945,0.4892592882323945,0.4892592882323945,28.03249230329087,0.7824811396639167,28.03249230329087
44,10,Sudden,Speed,0.4823223034275104,0.4823682637140058,0.4823223034275104,27.63503235142463,0.7970773376019403,27.635032351424627
44,11,Sudden,Speed,0.26691673500292823,0.2690026565019467,0.2669167350029283,15.2932023970796,0.3067961704187462,15.2932023970796
45,0,Sudden,Accuracy,0.06308639498959336,0.0694785994383367,0.06308639498959337,3.614584177598963,0.049087404968675766,3.614584177598963
45,1,Sudden,Accuracy,0.5029446059167478,0.5036532274952733,0.5029446059167479,28.816603247900066,1.2961276329594182,28.816603247900066
45,2,Sudden,Accuracy,0.5004242965379642,0.5003303212543577,0.5004242965379642,28.67220015742852,1.3056720152157524,28.672200157428517
45,3,Sudden,Accuracy,0.5078399877364052,0.5078399877364052,0.5078399877364053,29.097087965271506,1.2501716648967356,29.097087965271502
45,4,Sudden,Accuracy,0.47047304571980597,0.47066397148498357,0.470473045719806,26.956119894410303,1.4169184701094413,26.956119894410303
45,5,Sudden,Accuracy,0.45542321651583456,0.45542321651583456,0.4554232165158346,26.09382819863001,1.4429763446207131,26.09382819863001
45,6,Sudden,Accuracy,0.4507141926156036,0.4506914068753284,0.45071419261560364,25.824021003520542,1.0757445486840362,25.82402100352054
45,7,Sudden,Accuracy,0.43286531526733607,0.4325255825598679,0.4328653152673361,24.801355662418157,0.9514643874009179,24.801355662418157
45,8,Sudden,Accuracy,0.4493236098288723,0.4494779750139328,0.4493236098288724,25.7443464787773,0.8142886742617891,25.744346478777295
45,9,Sudden,Accuracy,0.48150837205482805,0.48080843159736614,0.48150837205482805,27.58839751895664,0.9336118887400805,27.588397518956636
45,10,Sudden,Accuracy,0.41313638762826943,0.41006409617530387,0.4131363876282695,23.67097137438064,0.8204099261081835,23.67097137438064
45,11,Sudden,Accuracy,0.44324565748797373,0.43969689789839517,0.4432456574879738,25.39610546156215,0.5890486284749868,25.39610546156215
46,0,Gradual,Speed,0.05951556445995818,0.06734796350649994,0.05951556445995818,3.4099906588944027,0.07363109691630151,3.4099906588944022
46,1,Gradual,Speed,0.07562238492580585,0.08288820716604338,0.07562238492580585,4.332843492962413,0.10595578467077764,4.332843492962412
46,2,Gradual,Speed,0.09097879057421737,0.10086492200717016,0.09097879057421737,5.2127007251072515,0.1025331625850379,5.212700725107251
46,3,Gradual,Speed,0.1359591517939181,0.15016712330663665,0.1359591517939181,7.7898855839700225,0.15539055396560034,7.7898855839700225
46,4,Gradual,Speed,0.14048751244151397,0.15256685613451268,0.14048751244151397,8.049341537190395,0.20712698773646454,8.049341537190394
46,5,Gradual,Speed,0.258704568838049,0.2606444616251183,0.258704568838049,14.822679935171884,0.28974844536361655,14.822679935171884
46,6,Gradual,Speed,0.3122383590887438,0.311311852626156,0.3122383590887438,17.88994017787529,0.4615126220587596,17.88994017787529
46,7,Gradual,Speed,0.3561997033586072,0.3516546953669278,0.3561997033586072,20.408739666260086,0.4392646832038192,20.408739666260086
46,8,Gradual,Speed,0.43779065965496605,0.43691183823963603,0.43779065965496605,25.0835571084778,1.2795864097612921,25.083557108477798
46,9,Gradual,Speed,0.4502522167939524,0.4502522167939524,0.45025221679395244,25.79755173870284,0.7391039217415889,25.79755173870284
46,10,Gradual,Speed,0.4099695178682915,0.4099695178682915,0.40996951786829156,23.489523102866297,0.6725687809507485,23.489523102866293
46,11,Gradual,Speed,0.46446991499315093,0.4637494239977938,0.46446991499315093,26.612165839907668,0.6504078583440512,26.612165839907664
47,0,Gradual,Accuracy,0.12646765000583418,0.13286480384894356,0.12646765000583418,7.24606259027194,0.07363109691630151,7.246062590271939
47,1,Gradual,Accuracy,0.10346727182635257,0.11020512497771491,0.10346727182635258,5.928237993382852,0.09610253673724607,5.928237993382851
47,2,Gradual,Accuracy,0.11172107294773859,0.12525324063694437,0.11172107294773859,6.4011459625786165,0.10425236774818335,6.401145962578616
47,3,Gradual,Accuracy,0.1419214869254741,0.15309926360884826,0.1419214869254741,8.13150222305076,0.13298090357253597,8.13150222305076
47,4,Gradual,Accuracy,0.18559666889666734,0.20673343816865777,0.18559666889666734,10.633905819465996,0.20076620095372769,10.633905819465996
47,5,Gradual,Accuracy,0.15094383442627404,0.16269497300417288,0.15094383442627407,8.648444656147003,0.14583164468077803,8.648444656147003
47,6,Gradual,Accuracy,0.22061589034090606,0.22922271950648643,0.22061589034090606,12.640359410054902,0.24706545670990684,12.640359410054902
47,7,Gradual,Accuracy,0.2729731570412312,0.2810504689340798,0.27297315704123126,15.640209818824381,0.3434712511377247,15.64020981882438
47,8,Gradual,Accuracy,0.24367133439315564,0.25095764031673534,0.24367133439315566,13.9613390490488,0.30288781308075857,13.9613390490488
47,9,Gradual,Accuracy,0.307135211269976,0.3108605386214426,0.307135211269976,17.597551345628503,0.30745248705213735,17.597551345628503
47,10,Gradual,Accuracy,0.25203112254994764,0.26409425670501396,0.25203112254994764,14.44031962805643,0.281285989434454,14.440319628056429
47,11,Gradual,Accuracy,0.5164221131426998,0.5171152317682624,0.5164221131426998,29.588807530304184,0.527689397947378,29.58880753030418
48,0,Sudden,Speed,0.09511858206464305,0.11022210771463163,0.09511858206464306,5.449893305572815,0.12271848081155302,5.449893305572815
48,1,Sudden,Speed,0.5394801656753495,0.5394801656753495,0.5394801656753496,30.909936624215952,1.493664722171292,30.90993662421595
48,2,Sudden,Speed,0.5820532259000162,0.582342240167365,0.5820532259000162,33.34919329604563,1.31970348055284,33.34919329604563
48,3,Sudden,Speed,0.483940764210712,0.483940764210712,0.4839407642107121,27.72776332360952,0.9156423679788607,27.727763323609516
48,4,Sudden,Speed,0.4483191943760254,0.4485963769732712,0.4483191943760254,25.68679771245145,0.8800553477662617,25.686797712451447
48,5,Sudden,Speed,0.2018418005761125,0.20862447086056696,0.20184180057611253,11.564683302332476,0.5907421777841043,11.564683302332474
48,6,Sudden,Speed,0.10270281336672517,0.11413899602688533,0.10270281336672517,5.884437750033129,0.158197061099856,5.884437750033129
48,7,Sudden,Speed,0.10584758821805312,0.11592424501708713,0.10584758821805314,6.064620076533102,0.20862140394533218,6.064620076533102
48,8,Sudden,Speed,0.16305173324844188,0.16335594097774078,0.16305173324844188,9.342176157428641,0.18426424578310965,9.342176157428641
48,9,Sudden,Speed,0.10397636064460508,0.11648414708172719,0.10397636064460508,5.957406634066023,0.07363109691630151,5.9574066340660226
48,10,Sudden,Speed,0.14187421798202754,0.15352522848559016,0.14187421798202757,8.12879391208923,0.26450052406773716,8.128793912089229
48,11,Sudden,Speed,0.0590321661598398,0.06704171455668716,0.0590321661598398,3.3822939764738207,0.08590294354865889,3.3822939764738207
49,0,Sudden,Accuracy,0.056519026670722276,0.06104034818546192,0.05651902667072228,3.238301690419723,0.04908740496867576,3.238301690419723
49,1,Sudden,Accuracy,0.4559658904224777,0.4458857608793049,0.45596589042247776,26.124921123132538,0.7086179813318814,26.124921123132538
49,2,Sudden,Accuracy,0.35779820338172696,0.3461089213856523,0.357798203381727,20.500326971136417,0.4049709388677937,20.500326971136417
49,3,Sudden,Accuracy,0.09004091578484287,0.10486347711408635,0.09004091578484287,5.158964457964371,0.0859029428901144,5.1589644579643705
49,4,Sudden,Accuracy,0.048818701184572766,0.05323232827553314,0.048818701184572766,2.797105539186332,0.04908740496867576,2.7971055391863318
49,5,Sudden,Accuracy,0.0840514379814439,0.09652689317948718,0.08405143798144392,4.815792658342324,0.1963495573129748,4.815792658342323
49,6,Sudden,Accuracy,0.06353848122820857,0.07421690715879514,0.06353848122820857,3.6404868110475586,0.06638660302566392,3.6404868110475586
49,7,Sudden,Accuracy,0.07063871003719874,0.08300775498832928,0.07063871003719874,4.047299955379894,0.1349903274439104,4.047299955379894
49,8,Sudden,Accuracy,0.056892682942204356,0.06245868507137748,0.05689268294220436,3.2597106177642408,0.03989469215999964,3.2597106177642408
49,9,Sudden,Accuracy,0.08386216837339415,0.09833013501407094,0.08386216837339415,4.804948308610977,0.09093029497328968,4.804948308610977
49,10,Sudden,Accuracy,0.05527637485819731,0.06007993574878787,0.055276374858197315,3.16710298615776,0.04908740562722027,3.16710298615776
49,11,Sudden,Accuracy,0.08180472177600127,0.09388622305389209,0.08180472177600127,4.687065302006813,0.15953401939153616,4.687065302006813
50,0,Gradual,Speed,0.06872194171102335,0.08116809687318456,0.06872194171102335,3.937477219985689,0.06638660302566392,3.9374772199856887
50,1,Gradual,Speed,0.057565913172059356,0.06495425343706704,0.05756591317205936,3.2982838685755547,0.08295826820888005,3.2982838685755542
50,2,Gradual,Speed,0.09181905985552272,0.10760305185605758,0.09181905985552273,5.2608446085805385,0.09494318281818143,5.2608446085805385
50,3,Gradual,Speed,0.1221603938670057,0.1428121438516953,0.12216039386700571,6.999274992235253,0.10646976497097019,6.999274992235253
50,4,Gradual,Speed,0.14114523030985604,0.1627829524413557,0.14114523030985607,8.087025995156738,0.15295784362454537,8.087025995156736
50,5,Gradual,Speed,0.17513813443583737,0.19542985315024905,0.1751381344358374,10.034675934968309,0.16335450342684094,10.034675934968309
50,6,Gradual,Speed,0.2710466337909613,0.2672364658152054,0.2710466337909613,15.529828167450086,0.2307214840753058,15.529828167450084
50,7,Gradual,Speed,0.08257705212545675,0.09839031740924974,0.08257705212545677,4.731316571420477,0.13431212542907056,4.731316571420477
50,8,Gradual,Speed,0.32059959600063376,0.31483502059184265,0.3205995960006338,18.369003764435583,0.3511453679762365,18.369003764435583
50,9,Gradual,Speed,0.3457893255225002,0.3390528420134459,0.34578932552250025,19.81226895311462,0.5645049378444501,19.81226895311462
50,10,Gradual,Speed,0.1796008500854201,0.20349500062933149,0.17960085008542012,10.290370706856383,0.2454369405496818,10.290370706856383
50,11,Gradual,Speed,0.5162194109133091,0.5124252026958415,0.5162194109133091,29.577193548062205,0.6135923197640681,29.5771935480622
51,0,Gradual,Accuracy,0.05735138233508856,0.06718309650785409,0.05735138233508856,3.2859921570417185,0.07363109691630151,3.2859921570417185
51,1,Gradual,Accuracy,0.06064450777903291,0.0718463201368341,0.06064450777903291,3.4746743463868754,0.07464349540218432,3.474674346386875
51,2,Gradual,Accuracy,0.07637248120917711,0.0869853036069594,0.07637248120917711,4.375820844228035,0.09811066138008222,4.375820844228034
51,3,Gradual,Accuracy,0.12211743956555471,0.13947604916110934,0.12211743956555472,6.996813892050179,0.1014198568735768,6.996813892050179
51,4,Gradual,Accuracy,0.21265299668138324,0.22198037775092253,0.21265299668138327,12.184119210652762,0.19298893314248544,12.184119210652762
51,5,Gradual,Accuracy,0.11245221591524183,0.11848833949529498,0.11245221591524185,6.443037368837224,0.13621366674523275,6.443037368837223
51,6,Gradual,Accuracy,0.20296215643918433,0.2113985715881402,0.20296215643918436,11.628874964839229,0.23961219618000734,11.628874964839227
51,7,Gradual,Accuracy,0.13676661575391239,0.1447178362117588,0.13676661575391239,7.836149860986615,0.26098752456202934,7.836149860986615
51,8,Gradual,Accuracy,0.18795797298966907,0.19534427848092598,0.1879579729896691,10.769198578141962,0.253221676238711,10.769198578141962
51,9,Gradual,Accuracy,0.2405912348810575,0.2458455160298109,0.2405912348810575,13.784862346525271,0.19727639771141242,13.784862346525271
51,10,Gradual,Accuracy,0.18105884589250154,0.1868581356221088,0.18105884589250154,10.373907713149919,0.11044663483774014,10.373907713149919
51,11,Gradual,Accuracy,0.3202217760197193,0.3206270685910954,0.32022177601971935,18.347356274113473,0.3067961704187462,18.34735627411347
52,0,Sudden,Speed,0.08834610959334245,0.10040169951124876,0.08834610959334245,5.061859216098756,0.09817478886392728,5.061859216098756
52,1,Sudden,Speed,0.32490364930106547,0.3194088672945024,0.3249036493010655,18.615607853349672,0.5767767831597185,18.615607853349672
52,2,Sudden,Speed,0.3294694923318186,0.3214942448840851,0.32946949233181866,18.877211388931048,0.5118692163109068,18.877211388931045
52,3,Sudden,Speed,0.21968822842177874,0.23785763793976455,0.21968822842177874,12.5872082972739,0.3067961704187462,12.587208297273898
52,4,Sudden,Speed,0.14220091781296806,0.15857108968527905,0.14220091781296806,8.147512433569759,0.3087647126482525,8.147512433569759
52,5,Sudden,Speed,0.15956724691343446,0.19003533289849106,0.1595672469134345,9.142529796661709,0.298313530494991,9.142529796661707
52,6,Sudden,Speed,0.1395698642787465,0.16394668008239793,0.13956986427874654,7.996764170385886,0.25714505328157233,7.996764170385886
52,7,Sudden,Speed,0.12780149137139435,0.15071270694558428,0.12780149137139435,7.322486071058504,0.2338973502432245,7.322486071058503
52,8,Sudden,Speed,0.10075406379027732,0.11836313570020332,0.10075406379027732,5.772782623974761,0.09817478886392728,5.772782623974761
52,9,Sudden,Speed,0.08170905004871883,0.09615373087734187,0.08170905004871884,4.681583715814803,0.07363109691630151,4.681583715814803
52,10,Sudden,Speed,0.07801834205062413,0.09221578886808067,0.07801834205062415,4.4701217241088,0.09817478886392726,4.470121724108799
52,11,Sudden,Speed,0.08228402268344433,0.09995580488733923,0.08228402268344433,4.714527221120091,0.17180586470680453,4.714527221120091
53,0,Sudden,Accuracy,0.0337506566195559,0.03435341033406461,0.0337506566195559,1.9337701800958271,0.012271867047237133,1.9337701800958271
53,1,Sudden,Accuracy,0.1251967855536475,0.14786206551985948,0.1251967855536475,7.173247420828437,0.2577087891576727,7.173247420828437
53,2,Sudden,Accuracy,0.09742151129930891,0.11519100055336053,0.09742151129930893,5.581841431236462,0.17180586536534903,5.5818414312364615
53,3,Sudden,Accuracy,0.11321968527584071,0.13393092067102305,0.11321968527584073,6.487010124105143,0.19735864146149115,6.487010124105143
53,4,Sudden,Accuracy,0.12695244645450096,0.1522273259963803,0.126952446454501,7.273839380703477,0.20716186218866947,7.2738393807034765
53,5,Sudden,Accuracy,0.11651983226436474,0.1339512540586253,0.11651983226436474,6.676094618320378,0.18407771199770642,6.676094618320378
53,6,Sudden,Accuracy,0.09828834123845369,0.11670119063288836,0.0982883412384537,5.63150712830504,0.15118454510059315,5.6315071283050395
53,7,Sudden,Accuracy,0.08713194680259347,0.10205464724676455,0.08713194680259348,4.9922928125470145,0.10460594632830712,4.992292812547014
53,8,Sudden,Accuracy,0.04639546615005263,0.051413848633399754,0.04639546615005263,2.6582643989400903,0.036815558994862885,2.65826439894009
53,9,Sudden,Accuracy,0.031179688368317186,0.03380901827345511,0.031179688368317186,1.7864645500377192,0.012271867047237131,1.786464550037719
53,10,Sudden,Accuracy,0.07770753788096821,0.08883975698712819,0.07770753788096822,4.452313956932447,0.08782670774916097,4.452313956932446
53,11,Sudden,Accuracy,0.03592021261248438,0.03877994749067035,0.03592021261248438,2.058076581907944,0.02454371302105001,2.058076581907944
54,0,Gradual,Speed,0.07670355751127995,0.08191276927386412,0.07670355751127997,4.394790119035326,0.024543713021050007,4.394790119035326
54,1,Gradual,Speed,0.09266336298963151,0.10460550676542259,0.09266336298963153,5.309219614794641,0.10453122808500247,5.309219614794641
54,2,Gradual,Speed,0.18237693812600983,0.200848964570419,0.18237693812600983,10.449428835138917,0.16097253988060506,10.449428835138916
54,3,Gradual,Speed,0.22609715246324913,0.22070966841301806,0.22609715246324916,12.95441259607008,0.1786427289184711,12.95441259607008
54,4,Gradual,Speed,0.37328451778334254,0.3652903022220075,0.37328451778334254,21.387627426561654,0.31645299511920066,21.38762742656165
54,5,Gradual,Speed,0.1438347602041877,0.16937818304294128,0.14383476020418773,8.241124706976207,0.22422846212881875,8.241124706976207
54,6,Gradual,Speed,0.10362922612149587,0.12857374083399606,0.10362922612149589,5.93751729096858,0.14595772695642406,5.937517290968579
54,7,Gradual,Speed,0.3323468252127605,0.3190360539851152,0.33234682521276054,19.042070419263236,0.2917217000902719,19.042070419263236
54,8,Gradual,Speed,0.30972246768763917,0.30831553323840144,0.30972246768763917,17.74579021887874,0.41168870287221443,17.74579021887874
54,9,Gradual,Speed,0.22154344450465238,0.25725281942284856,0.2215434445046524,12.693504348907354,0.2454369405496818,12.693504348907352
54,10,Gradual,Speed,0.23815677441299407,0.26024283171832246,0.2381567744129941,13.645378036313796,0.2454369405496818,13.645378036313794
54,11,Gradual,Speed,0.3686741936663707,0.3566313559840546,0.3686741936663707,21.12347531247179,0.46633016807831357,21.123475312471786
55,0,Gradual,Accuracy,0.06408637904182057,0.06991245535803084,0.06408637904182057,3.6718790433719715,0.06135925094248864,3.671879043371971
55,1,Gradual,Accuracy,0.06542362445806137,0.07147620434170597,0.06542362445806137,3.748497561895784,0.06532365218404605,3.7484975618957836
55,2,Gradual,Accuracy,0.08184931291499448,0.08897890515086541,0.08184931291499449,4.689620186074805,0.09032443916101277,4.689620186074805
55,3,Gradual,Accuracy,0.0966128411967937,0.1049116381550027,0.0966128411967937,5.535508047343929,0.09011135927603642,5.535508047343928
55,4,Gradual,Accuracy,0.15434140839876123,0.15893031851754916,0.15434140839876123,8.843111305354016,0.12298250689707345,8.843111305354014
55,5,Gradual,Accuracy,0.18491761381223396,0.19304524979573803,0.18491761381223398,10.594998829071065,0.1590772392828563,10.594998829071063
55,6,Gradual,Accuracy,0.23994724350026356,0.2486904351660849,0.23994724350026356,13.747964358362976,0.2426011912546299,13.747964358362976
55,7,Gradual,Accuracy,0.22014736084701583,0.2439135288745595,0.22014736084701586,12.613514647477594,0.23547943339496483,12.613514647477592
55,8,Gradual,Accuracy,0.38032487179215413,0.3643117964031672,0.38032487179215413,21.791009997544567,0.32095336047494694,21.791009997544563
55,9,Gradual,Accuracy,0.3229649699358768,0.3250327050564067,0.32296496993587687,18.504529707895262,0.21731891886272922,18.50452970789526
55,10,Gradual,Accuracy,0.35594055388502055,0.3584006068255538,0.3559405538850206,20.39389149516054,0.25079356364932776,20.393891495160535
55,11,Gradual,Accuracy,0.3049174798913015,0.30415589379225233,0.3049174798913016,17.470484697536726,0.036815558994862885,17.470484697536726
56,0,Sudden,Speed,0.0791983532928292,0.08951707917235745,0.0791983532928292,4.53773138806514,0.09817478886392728,4.537731388065139
56,1,Sudden,Speed,0.48347998919018137,0.48347998919018137,0.4834799891901814,27.70136285962806,0.8963204215886802,27.70136285962806
56,2,Sudden,Speed,0.48788603638050637,0.48788603638050637,0.48788603638050637,27.953810767969156,1.0767124083079695,27.953810767969152
56,3,Sudden,Speed,0.48813899674348565,0.48813899674348565,0.48813899674348565,27.968304329151966,0.7689332066125699,27.968304329151962
56,4,Sudden,Speed,0.47822732781584704,0.47822732781584704,0.4782273278158471,27.400407531667316,0.7166546683253779,27.400407531667312
56,5,Sudden,Speed,0.48055281863625343,0.48055281863625343,0.48055281863625343,27.533648340973016,0.8138700748653277,27.533648340973013
56,6,Sudden,Speed,0.47673211454163533,0.4766626888966307,0.47673211454163533,27.314738121583048,0.6876575859260861,27.314738121583044
56,7,Sudden,Speed,0.4716945225917648,0.4712280565246295,0.47169452259176486,27.02610536394639,0.6766339105102764,27.026105363946385
56,8,Sudden,Speed,0.4522040706673525,0.45200555781323054,0.4522040706673526,25.90938472787493,0.6267670779806442,25.90938472787493
56,9,Sudden,Speed,0.44930016521638544,0.4488474418415588,0.4493001652163855,25.743003201429485,0.624034892581645,25.74300320142948
56,10,Sudden,Speed,0.47228437325630457,0.47207066540408554,0.4722843732563046,27.059901317567505,0.6803470110105387,27.0599013175675
56,11,Sudden,Speed,0.4474589399266594,0.4482121906612511,0.4474589399266594,25.637508763195427,0.6749515496331325,25.637508763195427
57,0,Sudden,Accuracy,0.05187101905533335,0.05676724847499053,0.05187101905533335,2.971990470913272,0.012271867047237133,2.9719904709132714
57,1,Sudden,Accuracy,0.1588979997510831,0.17115690905526104,0.1588979997510831,9.104184758807868,0.23275022773313533,9.104184758807866
57,2,Sudden,Accuracy,0.11646124354895429,0.12601492875689077,0.1164612435489543,6.672737732200267,0.16056617610097626,6.672737732200266
57,3,Sudden,Accuracy,0.11736740766839296,0.1283075691640966,0.11736740766839297,6.724657111790291,0.12271848081155302,6.724657111790291
57,4,Sudden,Accuracy,0.12156259306778086,0.12945943998417045,0.12156259306778087,6.965023529450122,0.06135925094248864,6.9650235294501215
57,5,Sudden,Accuracy,0.0945955537128477,0.09732486217797447,0.0945955537128477,5.419925988449258,0.049087404968675766,5.419925988449258
57,6,Sudden,Accuracy,0.08084789801233326,0.08520496229077124,0.08084789801233326,4.632243338610814,0.012271867047237133,4.632243338610813
57,7,Sudden,Accuracy,0.04308285648010018,0.047079483635206615,0.043082856480100185,2.46846584567759,0.06135925160103314,2.46846584567759
57,8,Sudden,Accuracy,0.05936172314046224,0.06681292392547913,0.059361723140462244,3.401176200572561,0.08590294354865889,3.401176200572561
57,9,Sudden,Accuracy,0.028762218521812658,0.031048338940209183,0.028762218521812658,1.6479537307328707,2.1073424255447017e-08,1.6479537307328704
57,10,Sudden,Accuracy,0.0818382854780675,0.08696432860342747,0.0818382854780675,4.688988360480042,0.012271867047237133,4.688988360480042
57,11,Sudden,Accuracy,0.029993781557333996,0.031358774857858665,0.029993781557334,1.7185170948725639,0.06135925160103314,1.7185170948725637
58,0,Gradual,Speed,0.2836559865781633,0.28337469999794157,0.2836559865781633,16.252290864548286,0.7485826346956328,16.252290864548282
58,1,Gradual,Speed,0.1670276669909414,0.19062670089648953,0.1670276669909414,9.569980380497517,0.19090955644757812,9.569980380497517
58,2,Gradual,Speed,0.14122308524042004,0.160528602458663,0.14122308524042004,8.091486754092337,0.13734227890539302,8.091486754092337
58,3,Gradual,Speed,0.1947695352286483,0.20772065348964697,0.19476953522864832,11.159472346326153,0.17951713087582152,11.159472346326153
58,4,Gradual,Speed,0.30937949782861257,0.30008032281063807,0.3093794978286126,17.72613949345632,0.33534511717672344,17.726139493456316
58,5,Gradual,Speed,0.31950983562330787,0.315108765899768,0.3195098356233079,18.306565094134225,0.2537466755943671,18.306565094134225
58,6,Gradual,Speed,0.366824070744505,0.3595134154553868,0.36682407074450507,21.01747107746847,0.3367304064269611,21.01747107746847
58,7,Gradual,Speed,0.41635719930271464,0.4138577802702472,0.4163571993027147,23.855510289932816,0.526214880401308,23.855510289932813
58,8,Gradual,Speed,0.4285002156184589,0.4240694834290761,0.42850021561845897,24.55125387538346,0.6885088376726837,24.551253875383455
58,9,Gradual,Speed,0.4714598446700824,0.46865807918569274,0.47145984467008245,27.012659309489084,0.6650305365266967,27.01265930948908
58,10,Gradual,Speed,0.45784346428183487,0.45629858618955765,0.4578434642818349,26.232498180997794,0.6380122741269574,26.232498180997794
58,11,Gradual,Speed,0.5141473980080044,0.5119918103334045,0.5141473980080044,29.458475953491597,0.6626797036593196,29.458475953491597
59,0,Gradual,Accuracy,0.09875352303631013,0.10101473671828193,0.09875352303631013,5.658160082028521,0.06135925094248864,5.658160082028521
59,1,Gradual,Accuracy,0.1319246344909446,0.1345144771169399,0.13192463449094463,7.558724770137139,0.09386326556315115,7.558724770137138
59,2,Gradual,Accuracy,0.17614544460835313,0.17940944770864123,0.17614544460835316,10.092390556514058,0.10754561713326491,10.092390556514056
59,3,Gradual,Accuracy,0.19992088854173248,0.2015577191805135,0.1999208885417325,11.454623149946611,0.14523823349326995,11.454623149946611
59,4,Gradual,Accuracy,0.20037215415300993,0.20019132219123728,0.20037215415300993,11.4804787649122,0.23324838734213826,11.480478764912199
59,5,Gradual,Accuracy,0.14376459407629325,0.145382430905844,0.14376459407629327,8.23710448398308,0.22322387468704571,8.23710448398308
59,6,Gradual,Accuracy,0.1996398236678731,0.20144400334001825,0.1996398236678731,11.438519318905092,0.2482681631719354,11.43851931890509
59,7,Gradual,Accuracy,0.2448568236952904,0.24684042613095417,0.24485682369529044,14.029262582719033,0.3247658925023469,14.029262582719031
59,8,Gradual,Accuracy,0.29209986485016975,0.2927672409061049,0.29209986485016975,16.736089452256472,0.34058183252969565,16.736089452256472
59,9,Gradual,Accuracy,0.2589003932988811,0.2602157598325532,0.2589003932988811,14.833899850302988,0.14925164798027013,14.833899850302986
59,10,Gradual,Accuracy,0.28972103093926843,0.29165074021711124,0.28972103093926843,16.599792308999227,0.17482778658741255,16.599792308999227
59,11,Gradual,Accuracy,0.30476419133049515,0.30413240117263557,0.30476419133049515,17.461701909954886,0.11044663483774014,17.461701909954883
