p_id,Block,Rotation,Emphasis,initerrors_mean,initerrorsdegrees_mean
0,0,Sudden,Speed,0.099624185593224,5.708045371919755
0,1,Sudden,Speed,1.4748584011137458,84.50316176323031
0,2,Sudden,Speed,1.602299197286686,91.80498152172676
0,3,Sudden,Speed,1.6425335326668484,94.11023913052395
0,4,Sudden,Speed,1.6112853627142345,92.31985087473167
0,5,Sudden,Speed,1.7189375016792896,98.48786409298515
0,6,Sudden,Speed,1.6015575602088403,91.76248884723577
0,7,Sudden,Speed,1.6391626454057098,93.9171015172463
0,8,Sudden,Speed,1.641934827792275,94.07593586803698
0,9,Sudden,Speed,1.6251951633521116,93.1168237451504
0,10,Sudden,Speed,1.5042921929003614,86.1895938076702
0,11,Sudden,Speed,-0.7895105791506323,-45.235624066260556
1,0,Sudden,Accuracy,0.19210392047387068,11.006743871069595
1,1,Sudden,Accuracy,1.3850182181853976,79.3556984507527
1,2,Sudden,Accuracy,0.8804038342294785,50.44342396848449
1,3,Sudden,Accuracy,0.7200000532863413,41.25296430250174
1,4,Sudden,Accuracy,0.6649129501083599,38.0967057848017
1,5,Sudden,Accuracy,0.41077489831043684,23.535668003103602
1,6,Sudden,Accuracy,0.31007663246781825,17.766082366035178
1,7,Sudden,Accuracy,0.281164832502551,16.109558249898882
1,8,Sudden,Accuracy,0.3481776569426708,19.94911026356888
1,9,Sudden,Accuracy,0.3133468356969571,17.953451209214887
1,10,Sudden,Accuracy,0.22667066624437368,12.987272515221106
1,11,Sudden,Accuracy,-0.8580241913438235,-49.16116488412647
2,0,Gradual,Speed,0.10796037478038645,6.185673829566755
2,1,Gradual,Speed,0.13691432223737632,7.8446128190958175
2,2,Gradual,Speed,0.15303089503587763,8.76802442066529
2,3,Gradual,Speed,0.2112766658619119,12.105261263483271
2,4,Gradual,Speed,0.17681805410957516,10.130928242194477
2,5,Gradual,Speed,0.26588861212630444,15.234295295428206
2,6,Gradual,Speed,0.28659832760638987,16.42087458735385
2,7,Gradual,Speed,0.30422309924033236,17.430699616860647
2,8,Gradual,Speed,0.35772668685642506,20.496229376071174
2,9,Gradual,Speed,0.4113214394337775,23.566982502801363
2,10,Gradual,Speed,0.4031111210238264,23.096565909452604
2,11,Gradual,Speed,-0.5218035518607368,-29.897141256555994
3,0,Gradual,Accuracy,0.14317771011177913,8.203478509752514
3,1,Gradual,Accuracy,0.09361794774036031,5.363913292198947
3,2,Gradual,Accuracy,0.15116197676187024,8.660943291309792
3,3,Gradual,Accuracy,0.12284364217518656,7.03842223665347
3,4,Gradual,Accuracy,0.16932530789539418,9.701625507159283
3,5,Gradual,Accuracy,0.1788240455464949,10.245863085269363
3,6,Gradual,Accuracy,0.1734045134753793,9.935346770658644
3,7,Gradual,Accuracy,0.3522292277322864,20.181248170212342
3,8,Gradual,Accuracy,0.29247270262592207,16.757451483250122
3,9,Gradual,Accuracy,0.2538839191781697,14.546477055149623
3,10,Gradual,Accuracy,0.20396962720211992,11.68659878753826
3,11,Gradual,Accuracy,-0.639975872940321,-36.66791650968102
4,0,Sudden,Speed,0.16582706202405598,9.50119078303254
4,1,Sudden,Speed,1.192061536616921,68.30009496802921
4,2,Sudden,Speed,1.278267634146182,73.23934052474903
4,3,Sudden,Speed,1.246720528190017,71.43182449760876
4,4,Sudden,Speed,1.0444917141187011,59.84496695538652
4,5,Sudden,Speed,1.0134197829298577,58.06467643694487
4,6,Sudden,Speed,1.1131510327623635,63.778856137912264
4,7,Sudden,Speed,1.181555760691305,67.69815834698126
4,8,Sudden,Speed,1.0167033509499799,58.25281102624201
4,9,Sudden,Speed,1.0237603252320977,58.657145868739725
4,10,Sudden,Speed,1.2051967191098076,69.05268548800575
4,11,Sudden,Speed,-0.404872109234005,-23.19746310166813
5,0,Sudden,Accuracy,0.0955908635743068,5.476953042818614
5,1,Sudden,Accuracy,0.6741204349536927,38.62425580636993
5,2,Sudden,Accuracy,0.3546518077953797,20.320051783360128
5,3,Sudden,Accuracy,0.183178389557603,10.495348619653923
5,4,Sudden,Accuracy,0.15189530285870656,8.702959781665314
5,5,Sudden,Accuracy,0.1702472623541099,9.75444960654696
5,6,Sudden,Accuracy,0.1913180331568845,10.961715844633428
5,7,Sudden,Accuracy,0.22944995518099243,13.146514041336763
5,8,Sudden,Accuracy,0.1485591353790626,8.511811465332917
5,9,Sudden,Accuracy,0.17931452798379147,10.273965658851745
5,10,Sudden,Accuracy,0.17719543028953005,10.152550304594664
5,11,Sudden,Accuracy,-0.1688273121416049,-9.673092452251721
6,0,Gradual,Speed,0.14695401040882713,8.419844578947364
6,1,Gradual,Speed,0.0824841666047602,4.725994623106689
6,2,Gradual,Speed,0.10001156605386159,5.730240637380122
6,3,Gradual,Speed,0.09023505412860992,5.170087765703883
6,4,Gradual,Speed,0.11117150509783968,6.36965804422333
6,5,Gradual,Speed,0.14656003294164557,8.397271332854608
6,6,Gradual,Speed,0.17402581265499872,9.970944591465779
6,7,Gradual,Speed,0.21141965499000523,12.113453937039274
6,8,Gradual,Speed,0.26969517005978294,15.452394999488565
6,9,Gradual,Speed,0.4057308754785932,23.246666783071337
6,10,Gradual,Speed,0.42480448322278885,24.339504006901787
6,11,Gradual,Speed,-0.36473285063895255,-20.897652991387414
7,0,Gradual,Accuracy,0.11004492912916129,6.305109995917196
7,1,Gradual,Accuracy,0.09515473151021563,5.451964516235861
7,2,Gradual,Accuracy,0.14370366496159742,8.23361350286154
7,3,Gradual,Accuracy,0.10930999512748865,6.263001379400693
7,4,Gradual,Accuracy,0.13238530800366996,7.585119418149767
7,5,Gradual,Accuracy,0.11169201237879564,6.399480914627937
7,6,Gradual,Accuracy,0.10762285073453674,6.166335126255387
7,7,Gradual,Accuracy,0.11395871376219852,6.5293533373133865
7,8,Gradual,Accuracy,0.18258005164908286,10.461066382773035
7,9,Gradual,Accuracy,0.1349138333420689,7.729993248431915
7,10,Gradual,Accuracy,0.12720586460269964,7.288359171047282
7,11,Gradual,Accuracy,-0.5859134079548025,-33.57036543593701
8,0,Sudden,Speed,0.12119202319951093,6.943791439983536
8,1,Sudden,Speed,0.4406168496030462,25.24548586460509
8,2,Sudden,Speed,0.3038971597825046,17.41202466155033
8,3,Sudden,Speed,0.29741279677042587,17.040498028127484
8,4,Sudden,Speed,0.15478943252475597,8.868781196893552
8,5,Sudden,Speed,0.16241137695075955,9.30548644418682
8,6,Sudden,Speed,0.18533953222000832,10.619172973135415
8,7,Sudden,Speed,0.21461129887959418,12.296321661621441
8,8,Sudden,Speed,0.16607637301721756,9.515475250726912
8,9,Sudden,Speed,0.18457439043868143,10.575333578336261
8,10,Sudden,Speed,0.1526927054042959,8.74864758210057
8,11,Sudden,Speed,-0.15531139083940704,-8.89868720540482
9,0,Sudden,Accuracy,0.12853555019880494,7.3645445437834525
9,1,Sudden,Accuracy,1.4806297747911503,84.83383711693848
9,2,Sudden,Accuracy,1.077110555710414,61.71388891119745
9,3,Sudden,Accuracy,1.327621244145454,76.06709408144197
9,4,Sudden,Accuracy,0.6220053122376126,35.63827922593217
9,5,Sudden,Accuracy,0.267869584898889,15.34779667462763
9,6,Sudden,Accuracy,0.2284395080636669,13.088619686092848
9,7,Sudden,Accuracy,0.20705313758102464,11.863270918334287
9,8,Sudden,Accuracy,0.21838693284763327,12.512649552976312
9,9,Sudden,Accuracy,0.19453619645686665,11.146103019506297
9,10,Sudden,Accuracy,0.23241906070409474,13.316631256739507
9,11,Sudden,Accuracy,-0.16568281785518282,-9.492926200936735
10,0,Gradual,Speed,0.09071927035808543,5.197831312024568
10,1,Gradual,Speed,0.11888107048682463,6.8113836028923025
10,2,Gradual,Speed,0.11796001948951616,6.7586112680302115
10,3,Gradual,Speed,0.1398106291763185,8.01055898287166
10,4,Gradual,Speed,0.19250397601342054,11.029665365056632
10,5,Gradual,Speed,0.17374619079025336,9.95492343875629
10,6,Gradual,Speed,0.18949544432391816,10.857289196716781
10,7,Gradual,Speed,0.20605362316166118,11.806002960542292
10,8,Gradual,Speed,0.41659578154826093,23.869180045669367
10,9,Gradual,Speed,0.7626305950880271,43.69551442609436
10,10,Gradual,Speed,0.7342812834797943,42.07121851884139
10,11,Gradual,Speed,-0.4491694036269845,-25.735511114234384
11,0,Gradual,Accuracy,0.11550214199463654,6.617785261013422
11,1,Gradual,Accuracy,0.12888702938780616,7.384682817899904
11,2,Gradual,Accuracy,0.09432986641599678,5.404703227669461
11,3,Gradual,Accuracy,0.1532243889955377,8.779110807915085
11,4,Gradual,Accuracy,0.21540482939656358,12.34178761115862
11,5,Gradual,Accuracy,0.1437494467296702,8.236236604950756
11,6,Gradual,Accuracy,0.2285721618174281,13.096220186319934
11,7,Gradual,Accuracy,0.32970592799940607,18.890758154810165
11,8,Gradual,Accuracy,0.41121675023965726,23.560984253817644
11,9,Gradual,Accuracy,0.37604822662782045,21.545976279153212
11,10,Gradual,Accuracy,0.3503801059048503,20.075301293694736
11,11,Gradual,Accuracy,-0.37828431603269513,-21.674094764666453
12,0,Sudden,Speed,0.26164759706467,14.991303031545137
12,1,Sudden,Speed,1.7296828563083069,99.1035275625992
12,2,Sudden,Speed,2.212050529220415,126.74115939400997
12,3,Sudden,Speed,1.82746242377899,104.70588410128401
12,4,Sudden,Speed,2.1357083007614728,122.36707190468906
12,5,Sudden,Speed,2.3659566936024463,135.55933305414703
12,6,Sudden,Speed,2.4576197203550993,140.81123762446882
12,7,Sudden,Speed,2.0211944394774553,115.80591095736828
12,8,Sudden,Speed,1.8278987850535053,104.7308857606567
12,9,Sudden,Speed,1.931128742530377,110.64552664339641
12,10,Sudden,Speed,1.972972841529792,113.04301691359048
12,11,Sudden,Speed,-0.6504850529343966,-37.27004816948487
13,0,Sudden,Accuracy,0.11500843032343895,6.589497665957449
13,1,Sudden,Accuracy,1.6555898266047488,94.85830966924789
13,2,Sudden,Accuracy,1.6881675897146207,96.72487800142052
13,3,Sudden,Accuracy,1.4424851268574785,82.64830977932667
13,4,Sudden,Accuracy,1.3525427227983855,77.49498962748032
13,5,Sudden,Accuracy,1.294410648292387,74.16426710394656
13,6,Sudden,Accuracy,0.9704443737079078,55.60236686567955
13,7,Sudden,Accuracy,1.2256527900646284,70.22473201913712
13,8,Sudden,Accuracy,0.8114921404392642,46.49507475520732
13,9,Sudden,Accuracy,0.5868250265769017,33.622597335508836
13,10,Sudden,Accuracy,0.6079171578774264,34.83108743996468
13,11,Sudden,Accuracy,-0.5389485162364471,-30.879475355186344
14,0,Gradual,Speed,0.11581860248260895,6.635917111356891
14,1,Gradual,Speed,0.11629566641390572,6.663250861178116
14,2,Gradual,Speed,0.14117379414119421,8.088662582139138
14,3,Gradual,Speed,0.12646286968575887,7.245788698106903
14,4,Gradual,Speed,0.11399012302646638,6.531152955593546
14,5,Gradual,Speed,0.1912283964394658,10.956580039035929
14,6,Gradual,Speed,0.8616605952415806,49.36951548007287
14,7,Gradual,Speed,1.097827757454582,62.90089713445935
14,8,Gradual,Speed,0.8744926658916423,50.104738970735106
14,9,Gradual,Speed,1.3407535601181282,76.81952036190845
14,10,Gradual,Speed,1.047555180472528,60.02049064814113
14,11,Gradual,Speed,-0.313292721902674,-17.950350717189025
15,0,Gradual,Accuracy,0.0981067481591984,5.621102611274926
15,1,Gradual,Accuracy,0.08962482676253222,5.135124313084246
15,2,Gradual,Accuracy,0.0923943195438081,5.293804560843302
15,3,Gradual,Accuracy,0.09456708331905313,5.418294755043753
15,4,Gradual,Accuracy,0.08265561480260403,4.735817881248264
15,5,Gradual,Accuracy,0.1312761581476263,7.521569812550922
15,6,Gradual,Accuracy,0.17807902603862544,10.203176611813529
15,7,Gradual,Accuracy,0.19592559617944003,11.225709759666401
15,8,Gradual,Accuracy,0.23314572858318397,13.358266259319045
15,9,Gradual,Accuracy,0.2884293488009475,16.525784374001002
15,10,Gradual,Accuracy,0.23513125074046834,13.472028299061149
15,11,Gradual,Accuracy,-0.4403363851003579,-25.229416432297814
16,0,Sudden,Speed,0.12600961804826424,7.219819292221068
16,1,Sudden,Speed,1.3871000508802833,79.47497867782198
16,2,Sudden,Speed,1.164180293139272,66.70261738918327
16,3,Sudden,Speed,1.0221498327853755,58.56487144860485
16,4,Sudden,Speed,1.266210230401173,72.54850217827479
16,5,Sudden,Speed,1.4160906409723308,81.13601713569008
16,6,Sudden,Speed,1.3987746496606726,80.14388391544686
16,7,Sudden,Speed,1.4798655950625945,84.7900528437028
16,8,Sudden,Speed,1.5691188499551996,89.90388765685441
16,9,Sudden,Speed,1.543577791794044,88.44049281992204
16,10,Sudden,Speed,1.5558849236286192,89.14563953195429
16,11,Sudden,Speed,-0.6756520866069597,-38.71201298178637
17,0,Sudden,Accuracy,0.08796326153625694,5.039923638232973
17,1,Sudden,Accuracy,0.5837700014558355,33.4475572897653
17,2,Sudden,Accuracy,0.21836872135272578,12.511606111179487
17,3,Sudden,Accuracy,0.13451464710939018,7.7071215620596965
17,4,Sudden,Accuracy,0.13554783886025332,7.766319088811886
17,5,Sudden,Accuracy,0.1487355769221169,8.521920821080705
17,6,Sudden,Accuracy,0.13839641699262592,7.929530593410094
17,7,Sudden,Accuracy,0.14443881889913834,8.27573472077506
17,8,Sudden,Accuracy,0.13257538808968183,7.5960102048477305
17,9,Sudden,Accuracy,0.13696522851537046,7.847529533975602
17,10,Sudden,Accuracy,0.10617658817893828,6.083470385751791
17,11,Sudden,Accuracy,-0.10864727706802013,-6.225030431586047
18,0,Gradual,Speed,0.4299142574368009,24.632272503629455
18,1,Gradual,Speed,0.28691598933218926,16.439075263554997
18,2,Gradual,Speed,0.22246059348118227,12.746053114447259
18,3,Gradual,Speed,0.24897608371525223,14.265278796579818
18,4,Gradual,Speed,0.2800636259848045,16.046463764059713
18,5,Gradual,Speed,0.2709507667512174,15.524335390678347
18,6,Gradual,Speed,0.22248214057308363,12.747287671873986
18,7,Gradual,Speed,0.24930459720576292,14.284101233099193
18,8,Gradual,Speed,0.3729271464211169,21.367151555787284
18,9,Gradual,Speed,0.4482723055066982,25.68411117813286
18,10,Gradual,Speed,0.3600344777730659,20.628456055593322
18,11,Gradual,Speed,-0.6632343691414397,-38.00053017982618
19,0,Gradual,Accuracy,0.08615790603624848,4.936484387561758
19,1,Gradual,Accuracy,0.07744053072878186,4.437015574012362
19,2,Gradual,Accuracy,0.1092887963335257,6.261786777975848
19,3,Gradual,Accuracy,0.11669320255305342,6.686028004155204
19,4,Gradual,Accuracy,0.08415956634131451,4.821987957008581
19,5,Gradual,Accuracy,0.15096582756594293,8.649704770228272
19,6,Gradual,Accuracy,0.1473681346586934,8.44357215065872
19,7,Gradual,Accuracy,0.14567485865036864,8.346554581830954
19,8,Gradual,Accuracy,0.15238208590248573,8.730850395612393
19,9,Gradual,Accuracy,0.24768282872525793,14.191180743818911
19,10,Gradual,Accuracy,0.15965399467990604,9.147500077562714
19,11,Gradual,Accuracy,-0.3255589835601519,-18.653155740565655
20,0,Sudden,Speed,0.09258891458672788,5.304954035516773
20,1,Sudden,Speed,1.4578524601042584,83.52879311673823
20,2,Sudden,Speed,1.4310065077682026,81.99063335087287
20,3,Sudden,Speed,1.154313064630298,66.1372668401279
20,4,Sudden,Speed,0.44677084930483413,25.598084074642305
20,5,Sudden,Speed,0.4083973399309581,23.39944394241351
20,6,Sudden,Speed,0.3314836796783113,18.992615823033734
20,7,Sudden,Speed,0.24028545765127948,13.767342601787789
20,8,Sudden,Speed,0.2820952044763281,16.16286463737357
20,9,Sudden,Speed,0.29686461122242075,17.009089309836725
20,10,Sudden,Speed,0.27632946443445583,15.832512067204703
20,11,Sudden,Speed,-0.2884071108264972,-16.524510231920083
21,0,Sudden,Accuracy,0.11412426524603542,6.538838738629369
21,1,Sudden,Accuracy,1.812124356703035,103.82707759194322
21,2,Sudden,Accuracy,1.8178214314829162,104.15349593240086
21,3,Sudden,Accuracy,1.6014509920927564,91.75638294395351
21,4,Sudden,Accuracy,1.5236834869728844,87.30063311732283
21,5,Sudden,Accuracy,1.656259082020945,94.8966551800122
21,6,Sudden,Accuracy,1.5181784313079054,86.98521666173494
21,7,Sudden,Accuracy,1.3800515737621413,79.0711306869579
21,8,Sudden,Accuracy,1.3390225560209947,76.72034113282284
21,9,Sudden,Accuracy,1.4667114012096765,84.03637305303364
21,10,Sudden,Accuracy,1.1894093487047566,68.14813579418659
21,11,Sudden,Accuracy,-0.1352923500862013,-7.751680660345734
22,0,Gradual,Speed,0.09122137571311029,5.22659982973841
22,1,Gradual,Speed,0.20414152815653233,11.696447986720363
22,2,Gradual,Speed,0.16783837044189862,9.616430266674055
22,3,Gradual,Speed,0.32587506854859694,18.671266076370998
22,4,Gradual,Speed,0.33691048059906864,19.303548612050836
22,5,Gradual,Speed,0.2911159958641847,16.67971791176571
22,6,Gradual,Speed,0.3594148988690742,20.592956799319257
22,7,Gradual,Speed,0.4166989780328928,23.87509276869936
22,8,Gradual,Speed,0.6341062248938155,36.331610449389046
22,9,Gradual,Speed,0.606150728481568,34.72987849077415
22,10,Gradual,Speed,0.19808611010367966,11.349498089104578
22,11,Gradual,Speed,-0.34903878677938066,-19.99844936882515
23,0,Gradual,Accuracy,0.07445425891120865,4.265914802386555
23,1,Gradual,Accuracy,0.09495640748182076,5.440601386432802
23,2,Gradual,Accuracy,0.09551056446792738,5.472352242924402
23,3,Gradual,Accuracy,0.08964555782844699,5.13631211566597
23,4,Gradual,Accuracy,0.14679677015473194,8.410835376018145
23,5,Gradual,Accuracy,0.19290847816403217,11.052841631090644
23,6,Gradual,Accuracy,0.19907230951000168,11.406003152845138
23,7,Gradual,Accuracy,0.24824768182117118,14.223544442259639
23,8,Gradual,Accuracy,0.22166557862884695,12.700502118758228
23,9,Gradual,Accuracy,0.22517380850234267,12.901508884071248
23,10,Gradual,Accuracy,0.20052667055543416,11.489331902636653
23,11,Gradual,Accuracy,-0.23324915217871867,-13.36419199484525
24,0,Sudden,Speed,0.09770334342741956,5.597989222708392
24,1,Sudden,Speed,1.3158732411156973,75.39398309013
24,2,Sudden,Speed,1.4751504548512493,84.51989520978029
24,3,Sudden,Speed,1.3301901648914256,76.21428239808974
24,4,Sudden,Speed,0.9421220902621152,53.979619558062396
24,5,Sudden,Speed,0.9498274472462419,54.42110399289451
24,6,Sudden,Speed,1.2637376813242294,72.40683555152694
24,7,Sudden,Speed,1.2283197632079148,70.37753832432217
24,8,Sudden,Speed,1.0730910169240857,61.4835863031517
24,9,Sudden,Speed,1.1762077256584327,67.39173851090958
24,10,Sudden,Speed,1.1881683169754753,68.07702991385693
24,11,Sudden,Speed,-0.6639926260111807,-38.04397509824914
25,0,Sudden,Accuracy,0.10427397482679418,5.974458670628696
25,1,Sudden,Accuracy,1.242747131425928,71.2041656326955
25,2,Sudden,Accuracy,1.1556649130235703,66.21472204760394
25,3,Sudden,Accuracy,0.6866702573695925,39.34330766443966
25,4,Sudden,Accuracy,0.5621903043853487,32.211131724455576
25,5,Sudden,Accuracy,0.571852970981683,32.76476173926757
25,6,Sudden,Accuracy,0.4589820446765166,26.297734032249394
25,7,Sudden,Accuracy,0.36038228704561254,20.648384058985762
25,8,Sudden,Accuracy,0.31571923033853416,18.089379409516702
25,9,Sudden,Accuracy,0.20037459592972875,11.480618668412703
25,10,Sudden,Accuracy,0.2212174762940411,12.674827746183896
25,11,Sudden,Accuracy,-0.3074390892609362,-17.614962271997438
26,0,Gradual,Speed,0.1455466500087963,8.339208767771753
26,1,Gradual,Speed,0.18321348935510434,10.497359689912514
26,2,Gradual,Speed,0.13372747474308072,7.662019907720837
26,3,Gradual,Speed,0.15573890256274034,8.923181822844182
26,4,Gradual,Speed,0.17335067926315073,9.932262297504536
26,5,Gradual,Speed,0.2782016552689073,15.93978070046185
26,6,Gradual,Speed,0.28480756147282316,16.318271245805516
26,7,Gradual,Speed,0.5002779082042309,28.663812723735653
26,8,Gradual,Speed,0.32630998095924985,18.69618472195927
26,9,Gradual,Speed,0.3235539153326707,18.538273793495208
26,10,Gradual,Speed,0.23155966613174192,13.26739157480724
26,11,Gradual,Speed,-0.361363219362526,-20.704587340732893
27,0,Gradual,Accuracy,0.08965136795089623,5.136645011160766
27,1,Gradual,Accuracy,0.09745652845041762,5.583847766205563
27,2,Gradual,Accuracy,0.150376202412342,8.615921737432187
27,3,Gradual,Accuracy,0.1415112587427358,8.107997879542532
27,4,Gradual,Accuracy,0.15291200836261545,8.761212716047016
27,5,Gradual,Accuracy,0.15747249043773287,9.022509091496307
27,6,Gradual,Accuracy,0.1697325474234653,9.724958613368656
27,7,Gradual,Accuracy,0.14464481328556578,8.287537329720736
27,8,Gradual,Accuracy,0.26173283766156136,14.99618695799019
27,9,Gradual,Accuracy,0.4618727516256518,26.46335934024398
27,10,Gradual,Accuracy,0.24036938895975365,13.77215151153237
27,11,Gradual,Accuracy,-0.5186526026464372,-29.71660516511656
28,0,Sudden,Speed,0.11743989457172763,6.72881030542134
28,1,Sudden,Speed,1.2281284862576238,70.36657896235238
28,2,Sudden,Speed,1.1221845548524831,64.2964388278143
28,3,Sudden,Speed,0.423721268723079,24.27744038776104
28,4,Sudden,Speed,0.19510504872412474,11.178695853586634
28,5,Sudden,Speed,0.21266722608833993,12.184934495616353
28,6,Sudden,Speed,0.3711413614786035,21.264833615463253
28,7,Sudden,Speed,0.23927023869704156,13.70917484042827
28,8,Sudden,Speed,0.6731461124723717,38.56843124030552
28,9,Sudden,Speed,0.5097754453303245,29.207981516829623
28,10,Sudden,Speed,0.14577030051640671,8.35202299794379
28,11,Sudden,Speed,-0.1631891194407906,-9.350047806413594
29,0,Sudden,Accuracy,0.10574523756753057,6.058755816227742
29,1,Sudden,Accuracy,1.4824025908902494,84.93541199726971
29,2,Sudden,Accuracy,1.5100389391475724,86.51885811356804
29,3,Sudden,Accuracy,1.5828350307356622,90.68976692661339
29,4,Sudden,Accuracy,1.1442551036909856,65.56098812779786
29,5,Sudden,Accuracy,1.0382054626444348,59.48479127695316
29,6,Sudden,Accuracy,1.071998071546839,61.420965145797126
29,7,Sudden,Accuracy,0.9710864802889246,55.63915686276939
29,8,Sudden,Accuracy,0.8743321663292503,50.09554302319634
29,9,Sudden,Accuracy,0.9831214566054111,56.32871021224396
29,10,Sudden,Accuracy,0.5827926757659295,33.39156065252397
29,11,Sudden,Accuracy,-0.19128308482134154,-10.95971345250581
30,0,Gradual,Speed,0.11119640238728495,6.371084553829859
30,1,Gradual,Speed,0.11912275650664145,6.825231191795122
30,2,Gradual,Speed,0.11265866680550377,6.45486613352595
30,3,Gradual,Speed,0.15684650398358507,8.986642709641277
30,4,Gradual,Speed,0.18540984383774897,10.623201532082689
30,5,Gradual,Speed,0.2036376032134363,11.66757521428959
30,6,Gradual,Speed,0.40764505054742883,23.35634093576478
30,7,Gradual,Speed,0.4949752893891709,28.359995045266054
30,8,Gradual,Speed,0.632082238096289,36.21564454810058
30,9,Gradual,Speed,0.8807385436648753,50.46260140649592
30,10,Gradual,Speed,0.7378427182936309,42.27527370268518
30,11,Gradual,Speed,-0.3074986461661266,-17.61837463130571
31,0,Gradual,Accuracy,0.09414154895078848,5.393913431704423
31,1,Gradual,Accuracy,0.10515071611346867,6.024692246080013
31,2,Gradual,Accuracy,0.10126450797766773,5.8020289215892165
31,3,Gradual,Accuracy,0.1514743788559576,8.678842612812046
31,4,Gradual,Accuracy,0.14881377374381094,8.526401168935111
31,5,Gradual,Accuracy,0.21688040748085283,12.426332007730393
31,6,Gradual,Accuracy,0.3159715485538352,18.103836178347727
31,7,Gradual,Accuracy,0.3609155341182755,20.678936865687053
31,8,Gradual,Accuracy,0.2566223597641567,14.703378143174012
31,9,Gradual,Accuracy,0.35481584454630427,20.329450396873142
31,10,Gradual,Accuracy,0.35053075238233167,20.083932701052934
31,11,Gradual,Accuracy,-0.8440178786943966,-48.35866228277361
32,0,Sudden,Speed,0.09767893702415331,5.596590838808142
32,1,Sudden,Speed,1.4279706762337834,81.81669301663791
32,2,Sudden,Speed,1.5456389032718798,88.558585808708
32,3,Sudden,Speed,1.1877666096136836,68.05401377742695
32,4,Sudden,Speed,1.2264788093261214,70.27205943661718
32,5,Sudden,Speed,1.198540803960467,68.67132964115135
32,6,Sudden,Speed,1.1758627586054895,67.37197335470488
32,7,Sudden,Speed,0.9999818520713534,57.29473971336397
32,8,Sudden,Speed,1.1154119607739859,63.90839777076112
32,9,Sudden,Speed,1.0241705387216633,58.680649370391166
32,10,Sudden,Speed,1.1353387036295544,65.05011603582767
32,11,Sudden,Speed,-0.6656599677260958,-38.13950674151988
33,0,Sudden,Accuracy,0.1116713288481214,6.398295835614873
33,1,Sudden,Accuracy,1.1203987310226056,64.19411865940845
33,2,Sudden,Accuracy,0.8941295717000456,51.22985079625254
33,3,Sudden,Accuracy,0.8507308131952389,48.74328509781963
33,4,Sudden,Accuracy,0.5647271652285367,32.356483143982246
33,5,Sudden,Accuracy,0.64642383824458,37.03735770806185
33,6,Sudden,Accuracy,0.4635992612858473,26.562281057061746
33,7,Sudden,Accuracy,0.44363694485771715,25.41852457642522
33,8,Sudden,Accuracy,0.38091309861810124,21.82471291206771
33,9,Sudden,Accuracy,0.41543177805117265,23.80248755794774
33,10,Sudden,Accuracy,0.36062500474336623,20.66229075868018
33,11,Sudden,Accuracy,-0.640979567779856,-36.72542398790544
34,0,Gradual,Speed,0.13419178905660728,7.688623158253424
34,1,Gradual,Speed,0.11702890751199069,6.7052624814639215
34,2,Gradual,Speed,0.10841384214230622,6.211655595551689
34,3,Gradual,Speed,0.11216287408068468,6.4264593028805255
34,4,Gradual,Speed,0.11439190522733914,6.5541733799870325
34,5,Gradual,Speed,0.14751148555734026,8.451785552140596
34,6,Gradual,Speed,0.17555051112919481,10.058303379067251
34,7,Gradual,Speed,0.24744975265812083,14.177826468866447
34,8,Gradual,Speed,0.41263908123628196,23.642477816994877
34,9,Gradual,Speed,0.5050600470422206,28.937809096198063
34,10,Gradual,Speed,0.5243085085241123,30.04066470123058
34,11,Gradual,Speed,-0.48262556771064863,-27.65240811492551
35,0,Gradual,Accuracy,0.10594835856723636,6.070393792241361
35,1,Gradual,Accuracy,0.09841829507802208,5.638952934843829
35,2,Gradual,Accuracy,0.07689594592279661,4.405813163042456
35,3,Gradual,Accuracy,0.07493896438004541,4.293686380057812
35,4,Gradual,Accuracy,0.10240677707934842,5.86747612018372
35,5,Gradual,Accuracy,0.15368671499319358,8.805600136339944
35,6,Gradual,Accuracy,0.12239535711672712,7.012737394784969
35,7,Gradual,Accuracy,0.20490812021380028,11.740370476210067
35,8,Gradual,Accuracy,0.2642497537776596,15.140395628831076
35,9,Gradual,Accuracy,0.32512711507265313,18.628411498927278
35,10,Gradual,Accuracy,0.3253490400345366,18.641126862611802
35,11,Gradual,Accuracy,-0.45365107386603737,-25.9922919041015
36,0,Sudden,Speed,0.09713356415065989,5.565343274896047
36,1,Sudden,Speed,1.2542142279720863,71.86118186805943
36,2,Sudden,Speed,0.9164349378401238,52.50785413657303
36,3,Sudden,Speed,1.097507436190224,62.882544077923335
36,4,Sudden,Speed,0.46538411006396513,26.664545359116985
36,5,Sudden,Speed,0.12502485127216925,7.163396312146119
36,6,Sudden,Speed,0.1749467843178687,10.023712380799372
36,7,Sudden,Speed,0.10885154965091821,6.236734388456343
36,8,Sudden,Speed,0.131243704256068,7.5197103415358555
36,9,Sudden,Speed,0.14462091807714353,8.286168235127557
36,10,Sudden,Speed,0.11356871831489959,6.507008244153842
36,11,Sudden,Speed,-0.18805384678800893,-10.774691742152726
37,0,Sudden,Accuracy,0.11883516877863701,6.80875362874071
37,1,Sudden,Accuracy,0.72835813478543,41.731847097225895
37,2,Sudden,Accuracy,0.8883059172535044,50.89617997512314
37,3,Sudden,Accuracy,0.39440058460264676,22.59748893522402
37,4,Sudden,Accuracy,0.366559775478664,21.00232807419049
37,5,Sudden,Accuracy,0.29568986658323887,16.941781400005983
37,6,Sudden,Accuracy,0.19372668774196009,11.099721586663094
37,7,Sudden,Accuracy,0.2524557322420435,14.46464797135387
37,8,Sudden,Accuracy,0.3122649408957912,17.891463203230938
37,9,Sudden,Accuracy,0.14592521066679778,8.360898695764934
37,10,Sudden,Accuracy,0.2017059138598406,11.556897566998204
37,11,Sudden,Accuracy,-0.154142683465942,-8.831725205419453
38,0,Gradual,Speed,0.12008500539771047,6.880363992094519
38,1,Gradual,Speed,0.12089988578091163,6.927053198859949
38,2,Gradual,Speed,0.15591035339652512,8.933005232014049
38,3,Gradual,Speed,0.15536291571747132,8.901639363457829
38,4,Gradual,Speed,0.260918516865415,14.949529813201272
38,5,Gradual,Speed,0.3215048840559822,18.42087294925065
38,6,Gradual,Speed,0.29991089508524715,17.183628518375485
38,7,Gradual,Speed,0.37950580931215483,21.744081174283085
38,8,Gradual,Speed,0.26719495686169364,15.309143335355143
38,9,Gradual,Speed,0.5234440388088071,29.99113423502672
38,10,Gradual,Speed,0.45710491800862074,26.190182596567507
38,11,Gradual,Speed,-0.7385229838924499,-42.31425005044545
39,0,Gradual,Accuracy,0.10153398118363371,5.817468598982926
39,1,Gradual,Accuracy,0.12485247275745998,7.153519750774544
39,2,Gradual,Accuracy,0.10779050429090177,6.175940967455461
39,3,Gradual,Accuracy,0.12527391297143678,7.177666496352505
39,4,Gradual,Accuracy,0.10818761465818781,6.198693715501842
39,5,Gradual,Accuracy,0.14305865285358865,8.1966570313378
39,6,Gradual,Accuracy,0.1342659874420006,7.692874412583146
39,7,Gradual,Accuracy,0.16368891828363172,9.378684170713912
39,8,Gradual,Accuracy,0.3022002193865363,17.31479713877609
39,9,Gradual,Accuracy,0.24957430899782698,14.299554580469373
39,10,Gradual,Accuracy,0.2302874752396945,13.19450040595794
39,11,Gradual,Accuracy,-0.5741875640928635,-32.898524071418535
40,0,Sudden,Speed,0.11263561019096514,6.453545086823027
40,1,Sudden,Speed,2.150639709220962,123.22257859160372
40,2,Sudden,Speed,1.89603617050287,108.6348703739614
40,3,Sudden,Speed,1.9881223664610226,113.9110207537782
40,4,Sudden,Speed,2.068689203501661,118.52716048492506
40,5,Sudden,Speed,2.252812227374836,129.07663266404447
40,6,Sudden,Speed,2.1747984257084036,124.60677108478724
40,7,Sudden,Speed,2.397519015075938,137.3677208662132
40,8,Sudden,Speed,2.333910701059504,133.72323293112873
40,9,Sudden,Speed,2.1974731948997936,125.90593966088714
40,10,Sudden,Speed,2.0183351196962724,115.64208400162825
40,11,Sudden,Speed,-0.10597053661723306,-6.071664500904002
41,0,Sudden,Accuracy,0.09394316621411176,5.382546938164592
41,1,Sudden,Accuracy,0.36818589663565615,21.095497953463074
41,2,Sudden,Accuracy,0.19022896772077855,10.89931699153098
41,3,Sudden,Accuracy,0.23563229849907544,13.500736220963825
41,4,Sudden,Accuracy,0.1984519839337547,11.370461115402167
41,5,Sudden,Accuracy,0.22037101634929135,12.626329163822858
41,6,Sudden,Accuracy,0.1429831338424481,8.192330110726445
41,7,Sudden,Accuracy,0.16857310468188458,9.658527437689004
41,8,Sudden,Accuracy,0.13149294559879116,7.533990818554067
41,9,Sudden,Accuracy,0.15296967874934295,8.764516985809388
41,10,Sudden,Accuracy,0.12039752500680313,6.898270046710607
41,11,Sudden,Accuracy,-0.18207158705944732,-10.431933507755065
42,0,Gradual,Speed,0.1944681761824088,11.142205744858542
42,1,Gradual,Speed,0.22943836862274258,13.145850180449964
42,2,Gradual,Speed,0.22332987740876298,12.795859414696189
42,3,Gradual,Speed,0.3066894372844352,17.57201037764029
42,4,Gradual,Speed,0.404533092267634,23.178038860311744
42,5,Gradual,Speed,0.5262983640170805,30.154675022818587
42,6,Gradual,Speed,0.4469206096825135,25.60666471222162
42,7,Gradual,Speed,0.43705406242692246,25.041353196109867
42,8,Gradual,Speed,0.5073592622072585,29.069544421347203
42,9,Gradual,Speed,0.7681834032660197,44.01366689913907
42,10,Gradual,Speed,0.6083243311600591,34.854416750590026
42,11,Gradual,Speed,-0.3257612150553067,-18.664742751722645
43,0,Gradual,Accuracy,0.10055046557738509,5.76111730565963
43,1,Gradual,Accuracy,0.11006575853882705,6.306303433180793
43,2,Gradual,Accuracy,0.09886851684500506,5.664748741936875
43,3,Gradual,Accuracy,0.11706438107240229,6.707294966759808
43,4,Gradual,Accuracy,0.15353215642804535,8.796744582869351
43,5,Gradual,Accuracy,0.18903139784318337,10.830701291872781
43,6,Gradual,Accuracy,0.1992799410752074,11.417899565225122
43,7,Gradual,Accuracy,0.1801240890860268,10.32035009326779
43,8,Gradual,Accuracy,0.1904420275590105,10.911524421045412
43,9,Gradual,Accuracy,0.1875357203682682,10.745005285047357
43,10,Gradual,Accuracy,0.18941176221989817,10.852494565335663
43,11,Gradual,Accuracy,-0.2617119146532039,-14.99498815791659
44,0,Sudden,Speed,0.10420708083896697,5.9706259274513975
44,1,Sudden,Speed,1.5921069954072125,91.22101137008762
44,2,Sudden,Speed,1.6062299649974183,92.03019792179802
44,3,Sudden,Speed,1.5579249113913105,89.26252222101483
44,4,Sudden,Speed,1.5817709638020054,90.62880038219542
44,5,Sudden,Speed,1.451979579384426,83.19230183790808
44,6,Sudden,Speed,1.2564817469248293,71.99110113401753
44,7,Sudden,Speed,1.507207131730965,86.3566075002026
44,8,Sudden,Speed,1.4772404157276549,84.63964114734578
44,9,Sudden,Speed,1.231942528823461,70.58510750425809
44,10,Sudden,Speed,1.3462078452192998,77.13202787846666
44,11,Sudden,Speed,-0.22760395184585835,-13.040745841266506
45,0,Sudden,Accuracy,0.09908209605912746,5.6769859294978104
45,1,Sudden,Accuracy,1.5096385187363688,86.49591571397518
45,2,Sudden,Accuracy,1.376302128994762,78.85630332626967
45,3,Sudden,Accuracy,1.3013538118408012,74.56208107173977
45,4,Sudden,Accuracy,1.374131232286679,78.73192010713768
45,5,Sudden,Accuracy,1.3708501567033775,78.54392832395106
45,6,Sudden,Accuracy,1.2940559905617615,74.14394671281002
45,7,Sudden,Accuracy,1.2632793889262344,72.3805773313389
45,8,Sudden,Accuracy,1.394415265879594,79.89410962351329
45,9,Sudden,Accuracy,1.4640752204156346,83.8853310195016
45,10,Sudden,Accuracy,1.1817311253259,67.70820600041942
45,11,Sudden,Accuracy,-0.7991242633110449,-45.78644759422397
46,0,Gradual,Speed,0.1402524141810685,8.035871399096003
46,1,Gradual,Speed,0.11998876624571253,6.87484989486112
46,2,Gradual,Speed,0.09865286751776402,5.652392945631128
46,3,Gradual,Speed,0.16265214211201467,9.319281271780525
46,4,Gradual,Speed,0.19291868274623408,11.053426310582507
46,5,Gradual,Speed,0.20527876425925842,11.761606815716474
46,6,Gradual,Speed,0.35950749923809405,20.598262409645447
46,7,Gradual,Speed,0.34417368249529734,19.719699426456156
46,8,Gradual,Speed,1.1867868539874424,67.99787791508913
46,9,Gradual,Speed,1.1502557931082877,65.90480230557809
46,10,Gradual,Speed,1.2081684899779055,69.22295541642768
46,11,Gradual,Speed,-0.5528339347010534,-31.6750512299813
47,0,Gradual,Accuracy,0.23754367892198205,13.610250252240304
47,1,Gradual,Accuracy,0.11323815809978834,6.48806853895303
47,2,Gradual,Accuracy,0.12940035227840907,7.414094053058906
47,3,Gradual,Accuracy,0.1419256049748017,8.131738169897057
47,4,Gradual,Accuracy,0.18692974078767274,10.71028521260813
47,5,Gradual,Accuracy,0.13134541426451352,7.525537895754024
47,6,Gradual,Accuracy,0.17009734237791801,9.745859824646464
47,7,Gradual,Accuracy,0.23092527813740504,13.23104382015797
47,8,Gradual,Accuracy,0.21086921435833392,12.081916011971993
47,9,Gradual,Accuracy,0.26548582446992697,15.21121726267781
47,10,Gradual,Accuracy,0.20001111924049064,11.459792988167969
47,11,Gradual,Accuracy,-0.5168246935868329,-29.611873690667508
48,0,Sudden,Speed,0.11321883203394353,6.486961236945531
48,1,Sudden,Speed,1.811142317121893,103.770810868629
48,2,Sudden,Speed,1.5852877415502709,90.83029690465655
48,3,Sudden,Speed,1.646578437018253,94.34199507839354
48,4,Sudden,Speed,1.5885989162752692,91.02001324162934
48,5,Sudden,Speed,0.601946643747334,34.48900217878716
48,6,Sudden,Speed,0.17795913601961796,10.196307419718657
48,7,Sudden,Speed,0.32005337788487354,18.337707771708935
48,8,Sudden,Speed,0.2764043537125701,15.836802906771434
48,9,Sudden,Speed,0.20116446830315737,11.525875021764143
48,10,Sudden,Speed,0.3595610611845191,20.60133128311811
48,11,Sudden,Speed,-0.15167827985108526,-8.690525279271379
49,0,Sudden,Accuracy,0.11689764736448505,6.697741828993584
49,1,Sudden,Accuracy,0.8320937881047029,47.675462217452505
49,2,Sudden,Accuracy,0.6419055223808146,36.77847727856108
49,3,Sudden,Accuracy,0.17899006315182217,10.255375193379484
49,4,Sudden,Accuracy,0.10289849253493771,5.895649340510339
49,5,Sudden,Accuracy,0.12527779793424734,7.177889088325116
49,6,Sudden,Accuracy,0.11172131723733773,6.4011599593416255
49,7,Sudden,Accuracy,0.1521208953753797,8.71588528076042
49,8,Sudden,Accuracy,0.11246564843015049,6.443806995249735
49,9,Sudden,Accuracy,0.14826460595350316,8.49493617230595
49,10,Sudden,Accuracy,0.1871686429220883,10.723973296626808
49,11,Sudden,Accuracy,-0.15454368425794623,-8.8547008583827
50,0,Gradual,Speed,0.12724154818418862,7.290403689664511
50,1,Gradual,Speed,0.12051276332993417,6.904872716264181
50,2,Gradual,Speed,0.12240604466208135,7.013349746027121
50,3,Gradual,Speed,0.1249540149427789,7.159337689435853
50,4,Gradual,Speed,0.15450318252595185,8.852380280076453
50,5,Gradual,Speed,0.12431879373208143,7.122942195005699
50,6,Gradual,Speed,0.18366613479737742,10.523294363370594
50,7,Gradual,Speed,0.18200130839054554,10.427906836637197
50,8,Gradual,Speed,0.3201729972364605,18.344561455702955
50,9,Gradual,Speed,0.39687445154015577,22.739231069820242
50,10,Gradual,Speed,0.20559862827010755,11.779933673556256
50,11,Gradual,Speed,-0.5950312987974153,-34.09278209927972
51,0,Gradual,Accuracy,0.18622790638103942,10.670073063190971
51,1,Gradual,Accuracy,0.10382828895804133,5.948922751360536
51,2,Gradual,Accuracy,0.10601946678455687,6.074467992982526
51,3,Gradual,Accuracy,0.09760815039905334,5.592535063943938
51,4,Gradual,Accuracy,0.1691727488016261,9.692884514960031
51,5,Gradual,Accuracy,0.13145480305569043,7.531805411814499
51,6,Gradual,Accuracy,0.2067102781505381,11.84362652000115
51,7,Gradual,Accuracy,0.24812624533507108,14.216586644127203
51,8,Gradual,Accuracy,0.2408938100320111,13.802198625660447
51,9,Gradual,Accuracy,0.3189429220903094,18.274083341344557
51,10,Gradual,Accuracy,0.19180575041872666,10.98965998533266
51,11,Gradual,Accuracy,-0.49156075020113865,-28.164356360809776
52,0,Sudden,Speed,0.1190578926431842,6.821514766176108
52,1,Sudden,Speed,0.5187549993762427,29.722472065570358
52,2,Sudden,Speed,0.42178023859142016,24.166227553309266
52,3,Sudden,Speed,0.49111598513687105,28.13887319975238
52,4,Sudden,Speed,0.3143264640415802,18.00957977885318
52,5,Sudden,Speed,0.2324022859816861,13.315670135942991
52,6,Sudden,Speed,0.23990529580547962,13.745560932491555
52,7,Sudden,Speed,0.30095715700854175,17.24357491084551
52,8,Sudden,Speed,0.2119325189077064,12.142838874988096
52,9,Sudden,Speed,0.17870751759331135,10.239186525356647
52,10,Sudden,Speed,0.1858822728680264,10.650269721637045
52,11,Sudden,Speed,-0.14651565873420366,-8.394728878048948
53,0,Sudden,Accuracy,0.09166876209166967,5.252233181041505
53,1,Sudden,Accuracy,0.3279437121244953,18.789790622586825
53,2,Sudden,Accuracy,0.2140647240839242,12.265005232641325
53,3,Sudden,Accuracy,0.2148682388227325,12.311043235951598
53,4,Sudden,Accuracy,0.2155309972391648,12.34901649604994
53,5,Sudden,Accuracy,0.27789587674507304,15.922260881580407
53,6,Sudden,Accuracy,0.23372524079670198,13.391469863329911
53,7,Sudden,Accuracy,0.14709596803497818,8.427978151795516
53,8,Sudden,Accuracy,0.10100238421390875,5.787010336215743
53,9,Sudden,Accuracy,0.09901945254990867,5.673396720805685
53,10,Sudden,Accuracy,0.18784566794016141,10.762763972787166
53,11,Sudden,Accuracy,-0.137579688212879,-7.882735481323727
54,0,Gradual,Speed,0.1350926737069676,7.740240046547188
54,1,Gradual,Speed,0.11837533436464873,6.78240705754431
54,2,Gradual,Speed,0.14926821217387795,8.552438573026501
54,3,Gradual,Speed,0.16412896644897096,9.403897073370326
54,4,Gradual,Speed,0.24545986683226936,14.063814409332254
54,5,Gradual,Speed,0.21221457246028103,12.158999353147294
54,6,Gradual,Speed,0.16091819457970233,9.219933396281903
54,7,Gradual,Speed,0.2977503548252398,17.059838680008966
54,8,Gradual,Speed,0.39268424158614335,22.499149724181624
54,9,Gradual,Speed,0.2553830221706874,14.632369329676322
54,10,Gradual,Speed,0.2696764243170916,15.451320947548512
54,11,Gradual,Speed,-0.38522219291199683,-22.071605828631835
55,0,Gradual,Accuracy,0.10720800487510287,6.142566209361349
55,1,Gradual,Accuracy,0.10602154188480771,6.074586887468965
55,2,Gradual,Accuracy,0.11197834227938988,6.415886409480387
55,3,Gradual,Accuracy,0.1151835795643017,6.599532978243805
55,4,Gradual,Accuracy,0.10846627269492166,6.214659644934093
55,5,Gradual,Accuracy,0.124357765248428,7.125175098413582
55,6,Gradual,Accuracy,0.20108088786175365,11.52108621522187
55,7,Gradual,Accuracy,0.2327941387609782,13.338121646386899
55,8,Gradual,Accuracy,0.2777765596881185,15.915424517792989
55,9,Gradual,Accuracy,0.3057298286185098,17.517028851098583
55,10,Gradual,Accuracy,0.44604328672209226,25.55639780931956
55,11,Gradual,Accuracy,-0.461407853229988,-26.436722624270043
56,0,Sudden,Speed,0.14383605106196184,8.241198667678615
56,1,Sudden,Speed,1.4052432135858903,80.51450532787243
56,2,Sudden,Speed,1.5401010079797481,88.2412877810835
56,3,Sudden,Speed,1.4662886566809656,84.01215157572626
56,4,Sudden,Speed,1.381543479124425,79.15661056764971
56,5,Sudden,Speed,1.5394073800500223,88.2015458281578
56,6,Sudden,Speed,1.3628577557574288,78.08599748157185
56,7,Sudden,Speed,1.2383464746952713,70.95202657494303
56,8,Sudden,Speed,1.229586049955772,70.45009121062775
56,9,Sudden,Speed,1.2983715844763741,74.39121203020967
56,10,Sudden,Speed,1.2986702585684438,74.40832479513516
56,11,Sudden,Speed,-0.566188125921637,-32.44019002573141
57,0,Sudden,Accuracy,0.07582613125085132,4.344517297478818
57,1,Sudden,Accuracy,0.695772460339819,39.86482547890508
57,2,Sudden,Accuracy,0.6057524755838801,34.707060280557776
57,3,Sudden,Accuracy,0.16668553741836703,9.55037779994239
57,4,Sudden,Accuracy,0.1577758235958762,9.039888801244294
57,5,Sudden,Accuracy,0.09108654074989934,5.218874355415621
57,6,Sudden,Accuracy,0.09843132739523049,5.6396996316171455
57,7,Sudden,Accuracy,0.10440814643916886,5.98214613774823
57,8,Sudden,Accuracy,0.10245957524489686,5.870501232235679
57,9,Sudden,Accuracy,0.09367022047437991,5.3669082992418815
57,10,Sudden,Accuracy,0.13949336200119333,7.992380912758948
57,11,Sudden,Accuracy,-0.10329827054716616,-5.918554933353158
58,0,Gradual,Speed,1.1062474610945783,63.38331061778208
58,1,Gradual,Speed,0.1828808931119736,10.478303328899216
58,2,Gradual,Speed,0.13567283425093868,7.773480797156746
58,3,Gradual,Speed,0.12332462759258242,7.065980671077591
58,4,Gradual,Speed,0.2357263155155778,13.506122999211822
58,5,Gradual,Speed,0.17967210128591266,10.294453099929846
58,6,Gradual,Speed,0.23032774309717313,13.196807584241501
58,7,Gradual,Speed,0.39838331563922946,22.825682614555973
58,8,Gradual,Speed,0.586108123309703,33.58152180397921
58,9,Gradual,Speed,0.45649035764311735,26.154970881368143
58,10,Gradual,Speed,0.5132967024032429,29.409734685688438
58,11,Gradual,Speed,-0.6124946393831986,-35.09335781104462
59,0,Gradual,Accuracy,0.11200861606275611,6.417620969497165
59,1,Gradual,Accuracy,0.10083203040863589,5.777249782149614
59,2,Gradual,Accuracy,0.09254484942738532,5.302429287862872
59,3,Gradual,Accuracy,0.1117112379333983,6.400582457765466
59,4,Gradual,Accuracy,0.16626300118606985,9.526168257140403
59,5,Gradual,Accuracy,0.16127719275338193,9.240502476486649
59,6,Gradual,Accuracy,0.1860205692373081,10.65819351991887
59,7,Gradual,Accuracy,0.2438892013580935,13.973821906635063
59,8,Gradual,Accuracy,0.25059357287837364,14.357954099034822
59,9,Gradual,Accuracy,0.2671752094022117,15.30801188927072
59,10,Gradual,Accuracy,0.2824156676018661,16.181225821956467
59,11,Gradual,Accuracy,-0.6665049794409333,-38.187922346419185
